Year,Month,Yearmon,Deaths,Race,Population,Rate,n
1999,1,Jan 1999,23,Indian,2268676,1.0138071721127213,1999
1999,1,Jan 1999,28,Asian,10957343,0.25553640147981127,1999
1999,1,Jan 1999,654,Black,34722236,1.8835192526195608,1999
1999,1,Jan 1999,240,Hispanic,31533672,0.7610911916633115,1999
1999,1,Jan 1999,555,White,197154118,0.28150565944557143,1999
1999,2,Feb 1999,24,Indian,2268676,1.0578857448132744,1999.0833333333333
1999,2,Feb 1999,26,Asian,10957343,0.23728380137411048,1999.0833333333333
1999,2,Feb 1999,554,Black,34722236,1.595519366897915,1999.0833333333333
1999,2,Feb 1999,202,Hispanic,31533672,0.6405850863166205,1999.0833333333333
1999,2,Feb 1999,417,White,197154118,0.2115096576374834,1999.0833333333333
1999,3,Mar 1999,15,Indian,2268676,0.6611785905082964,1999.1666666666667
1999,3,Mar 1999,32,Asian,10957343,0.2920416016912129,1999.1666666666667
1999,3,Mar 1999,610,Black,34722236,1.7567993029020366,1999.1666666666667
1999,3,Mar 1999,219,Hispanic,31533672,0.6944957123927717,1999.1666666666667
1999,3,Mar 1999,446,White,197154118,0.22621896236527,1999.1666666666667
1999,4,Apr 1999,19,Indian,2268676,0.8374928813105088,1999.25
1999,4,Apr 1999,23,Asian,10957343,0.20990490121555927,1999.25
1999,4,Apr 1999,601,Black,34722236,1.7308793131870883,1999.25
1999,4,Apr 1999,195,Hispanic,31533672,0.6183865932264406,1999.25
1999,4,Apr 1999,474,White,197154118,0.2404210496886502,1999.25
1999,5,May 1999,22,Indian,2268676,0.9697285994121683,1999.3333333333333
1999,5,May 1999,21,Asian,10957343,0.19165230110985848,1999.3333333333333
1999,5,May 1999,683,Black,34722236,1.9670392194788378,1999.3333333333333
1999,5,May 1999,222,Hispanic,31533672,0.7040093522885632,1999.3333333333333
1999,5,May 1999,490,White,197154118,0.24853652815915314,1999.3333333333333
1999,6,Jun 1999,23,Indian,2268676,1.0138071721127213,1999.4166666666667
1999,6,Jun 1999,25,Asian,10957343,0.2281575013212601,1999.4166666666667
1999,6,Jun 1999,639,Black,34722236,1.8403192697613138,1999.4166666666667
1999,6,Jun 1999,257,Hispanic,31533672,0.8150018177394628,1999.4166666666667
1999,6,Jun 1999,491,White,197154118,0.24904374556355957,1999.4166666666667
1999,7,Jul 1999,21,Indian,2268676,0.925650026711615,1999.5
1999,7,Jul 1999,29,Asian,10957343,0.26466270153266175,1999.5
1999,7,Jul 1999,683,Black,34722236,1.9670392194788378,1999.5
1999,7,Jul 1999,266,Hispanic,31533672,0.8435427374268369,1999.5
1999,7,Jul 1999,539,White,197154118,0.27339018097506845,1999.5
1999,8,Aug 1999,20,Indian,2268676,0.881571454011062,1999.5833333333333
1999,8,Aug 1999,50,Asian,10957343,0.4563150026425202,1999.5833333333333
1999,8,Aug 1999,648,Black,34722236,1.866239259476262,1999.5833333333333
1999,8,Aug 1999,257,Hispanic,31533672,0.8150018177394628,1999.5833333333333
1999,8,Aug 1999,518,White,197154118,0.2627386154825333,1999.5833333333333
1999,9,Sep 1999,23,Indian,2268676,1.0138071721127213,1999.6666666666667
1999,9,Sep 1999,31,Asian,10957343,0.28291530163836254,1999.6666666666667
1999,9,Sep 1999,668,Black,34722236,1.923839236620591,1999.6666666666667
1999,9,Sep 1999,275,Hispanic,31533672,0.8720836571142112,1999.6666666666667
1999,9,Sep 1999,522,White,197154118,0.2647674851001591,1999.6666666666667
1999,10,Oct 1999,11,Indian,2268676,0.48486429970608413,1999.75
1999,10,Oct 1999,27,Asian,10957343,0.24641010142696088,1999.75
1999,10,Oct 1999,629,Black,34722236,1.8115192811891492,1999.75
1999,10,Oct 1999,255,Hispanic,31533672,0.8086593911422685,1999.75
1999,10,Oct 1999,534,White,197154118,0.2708540939530363,1999.75
1999,11,Nov 1999,21,Indian,2268676,0.925650026711615,1999.8333333333333
1999,11,Nov 1999,30,Asian,10957343,0.2737890015855121,1999.8333333333333
1999,11,Nov 1999,600,Black,34722236,1.7279993143298722,1999.8333333333333
1999,11,Nov 1999,240,Hispanic,31533672,0.7610911916633115,1999.8333333333333
1999,11,Nov 1999,434,White,197154118,0.22013235351239277,1999.8333333333333
1999,12,Dec 1999,26,Indian,2268676,1.1460428902143804,1999.9166666666667
1999,12,Dec 1999,35,Asian,10957343,0.3194205018497641,1999.9166666666667
1999,12,Dec 1999,691,Black,34722236,1.9900792103365692,1999.9166666666667
1999,12,Dec 1999,220,Hispanic,31533672,0.6976669256913689,1999.9166666666667
1999,12,Dec 1999,525,White,197154118,0.2662891373133784,1999.9166666666667
2000,1,Jan 2000,12,Indian,2344042,0.5119362195728575,2000
2000,1,Jan 2000,31,Asian,11355553,0.27299419059556146,2000
2000,1,Jan 2000,647,Black,35091809,1.8437351006897365,2000
2000,1,Jan 2000,218,Hispanic,32761078,0.6654237690224968,2000
2000,1,Jan 2000,510,White,197324684,0.2584572744076965,2000
2000,2,Feb 2000,11,Indian,2344042,0.469274867941786,2000.0833333333333
2000,2,Feb 2000,30,Asian,11355553,0.2641879263828014,2000.0833333333333
2000,2,Feb 2000,577,Black,35091809,1.6442583510015116,2000.0833333333333
2000,2,Feb 2000,211,Hispanic,32761078,0.6440569507511322,2000.0833333333333
2000,2,Feb 2000,442,White,197324684,0.22399630448667032,2000.0833333333333
2000,3,Mar 2000,20,Indian,2344042,0.8532270326214292,2000.1666666666667
2000,3,Mar 2000,23,Asian,11355553,0.2025440768934811,2000.1666666666667
2000,3,Mar 2000,631,Black,35091809,1.7981404150467137,2000.1666666666667
2000,3,Mar 2000,207,Hispanic,32761078,0.6318473403103524,2000.1666666666667
2000,3,Mar 2000,438,White,197324684,0.2219691886089629,2000.1666666666667
2000,4,Apr 2000,14,Indian,2344042,0.5972589228350004,2000.25
2000,4,Apr 2000,37,Asian,11355553,0.32583177587212175,2000.25
2000,4,Apr 2000,595,Black,35091809,1.6955523723499122,2000.25
2000,4,Apr 2000,222,Hispanic,32761078,0.6776333794632765,2000.25
2000,4,Apr 2000,419,White,197324684,0.2123403881898526,2000.25
2000,5,May 2000,18,Indian,2344042,0.7679043293592863,2000.3333333333333
2000,5,May 2000,31,Asian,11355553,0.27299419059556146,2000.3333333333333
2000,5,May 2000,726,Black,35091809,2.0688588610521617,2000.3333333333333
2000,5,May 2000,247,Hispanic,32761078,0.75394344471815,2000.3333333333333
2000,5,May 2000,453,White,197324684,0.2295708731503657,2000.3333333333333
2000,6,Jun 2000,20,Indian,2344042,0.8532270326214292,2000.4166666666667
2000,6,Jun 2000,26,Asian,11355553,0.22896286953176123,2000.4166666666667
2000,6,Jun 2000,671,Black,35091809,1.9121271291542705,2000.4166666666667
2000,6,Jun 2000,260,Hispanic,32761078,0.7936246786506842,2000.4166666666667
2000,6,Jun 2000,485,White,197324684,0.24578780017202512,2000.4166666666667
2000,7,Jul 2000,13,Indian,2344042,0.5545975712039289,2000.5
2000,7,Jul 2000,28,Asian,11355553,0.24657539795728134,2000.5
2000,7,Jul 2000,733,Black,35091809,2.0888065360209844,2000.5
2000,7,Jul 2000,310,Hispanic,32761078,0.9462448091604312,2000.5
2000,7,Jul 2000,497,White,197324684,0.25186914780514735,2000.5
2000,8,Aug 2000,18,Indian,2344042,0.7679043293592863,2000.5833333333333
2000,8,Aug 2000,35,Asian,11355553,0.3082192474466017,2000.5833333333333
2000,8,Aug 2000,709,Black,35091809,2.02041450755645,2000.5833333333333
2000,8,Aug 2000,257,Hispanic,32761078,0.7844674708200993,2000.5833333333333
2000,8,Aug 2000,504,White,197324684,0.25541660059113536,2000.5833333333333
2000,9,Sep 2000,19,Indian,2344042,0.8105656809903578,2000.6666666666667
2000,9,Sep 2000,23,Asian,11355553,0.2025440768934811,2000.6666666666667
2000,9,Sep 2000,660,Black,35091809,1.8807807827746925,2000.6666666666667
2000,9,Sep 2000,252,Hispanic,32761078,0.7692054577691247,2000.6666666666667
2000,9,Sep 2000,486,White,197324684,0.24629457914145197,2000.6666666666667
2000,10,Oct 2000,18,Indian,2344042,0.7679043293592863,2000.75
2000,10,Oct 2000,30,Asian,11355553,0.2641879263828014,2000.75
2000,10,Oct 2000,621,Black,35091809,1.769643736519824,2000.75
2000,10,Oct 2000,273,Hispanic,32761078,0.8333059125832183,2000.75
2000,10,Oct 2000,494,White,197324684,0.2503488108968668,2000.75
2000,11,Nov 2000,16,Indian,2344042,0.6825816260971433,2000.8333333333333
2000,11,Nov 2000,28,Asian,11355553,0.24657539795728134,2000.8333333333333
2000,11,Nov 2000,623,Black,35091809,1.7753430722252022,2000.8333333333333
2000,11,Nov 2000,180,Hispanic,32761078,0.5494324698350891,2000.8333333333333
2000,11,Nov 2000,425,White,197324684,0.21538106200641374,2000.8333333333333
2000,12,Dec 2000,18,Indian,2344042,0.7679043293592863,2000.9166666666667
2000,12,Dec 2000,32,Asian,11355553,0.28180045480832155,2000.9166666666667
2000,12,Dec 2000,665,Black,35091809,1.895029122038137,2000.9166666666667
2000,12,Dec 2000,248,Hispanic,32761078,0.7569958473283449,2000.9166666666667
2000,12,Dec 2000,463,White,197324684,0.23463866284463425,2000.9166666666667
2001,1,Jan 2001,16,Indian,2360621,0.6777877516128171,2001
2001,1,Jan 2001,35,Asian,11983178,0.292076108691701,2001
2001,1,Jan 2001,606,Black,35638389,1.7004135624649026,2001
2001,1,Jan 2001,240,Hispanic,34349995,0.6986900580334874,2001
2001,1,Jan 2001,545,White,197842671,0.27547141233247907,2001
2001,2,Feb 2001,13,Indian,2360621,0.5507025481854139,2001.0833333333333
2001,2,Feb 2001,26,Asian,11983178,0.21697082359954928,2001.0833333333333
2001,2,Feb 2001,471,Black,35638389,1.3216085609256918,2001.0833333333333
2001,2,Feb 2001,195,Hispanic,34349995,0.5676856721522084,2001.0833333333333
2001,2,Feb 2001,435,White,197842671,0.2198716777332631,2001.0833333333333
2001,3,Mar 2001,17,Indian,2360621,0.7201494860886182,2001.1666666666667
2001,3,Mar 2001,17,Asian,11983178,0.1418655385073976,2001.1666666666667
2001,3,Mar 2001,571,Black,35638389,1.6022048583621444,2001.1666666666667
2001,3,Mar 2001,218,Hispanic,34349995,0.6346434693804177,2001.1666666666667
2001,3,Mar 2001,458,White,197842671,0.23149707678582643,2001.1666666666667
2001,4,Apr 2001,14,Indian,2360621,0.5930642826612149,2001.25
2001,4,Apr 2001,34,Asian,11983178,0.2837310770147952,2001.25
2001,4,Apr 2001,631,Black,35638389,1.7705626368240157,2001.25
2001,4,Apr 2001,231,Hispanic,34349995,0.6724891808572315,2001.25
2001,4,Apr 2001,499,White,197842671,0.2522206142273524,2001.25
2001,5,May 2001,15,Indian,2360621,0.6354260171370161,2001.3333333333333
2001,5,May 2001,31,Asian,11983178,0.258695981984078,2001.3333333333333
2001,5,May 2001,670,Black,35638389,1.8799951928242324,2001.3333333333333
2001,5,May 2001,253,Hispanic,34349995,0.7365357695103012,2001.3333333333333
2001,5,May 2001,458,White,197842671,0.23149707678582643,2001.3333333333333
2001,6,Jun 2001,20,Indian,2360621,0.8472346895160213,2001.4166666666667
2001,6,Jun 2001,31,Asian,11983178,0.258695981984078,2001.4166666666667
2001,6,Jun 2001,711,Black,35638389,1.9950396747731778,2001.4166666666667
2001,6,Jun 2001,230,Hispanic,34349995,0.669577972282092,2001.4166666666667
2001,6,Jun 2001,490,White,197842671,0.2476715450328711,2001.4166666666667
2001,7,Jul 2001,21,Indian,2360621,0.8895964239918226,2001.5
2001,7,Jul 2001,42,Asian,11983178,0.35049133043004116,2001.5
2001,7,Jul 2001,758,Black,35638389,2.1269199345683107,2001.5
2001,7,Jul 2001,318,Hispanic,34349995,0.9257643268943706,2001.5
2001,7,Jul 2001,534,White,197842671,0.2699114388725575,2001.5
2001,8,Aug 2001,18,Indian,2360621,0.7625112205644192,2001.5833333333333
2001,8,Aug 2001,35,Asian,11983178,0.292076108691701,2001.5833333333333
2001,8,Aug 2001,695,Black,35638389,1.9501442671833455,2001.5833333333333
2001,8,Aug 2001,266,Hispanic,34349995,0.774381480987115,2001.5833333333333
2001,8,Aug 2001,502,White,197842671,0.25373697062551287,2001.5833333333333
2001,9,Sep 2001,18,Indian,2360621,0.7625112205644192,2001.6666666666667
2001,9,Sep 2001,27,Asian,11983178,0.22531585527645503,2001.6666666666667
2001,9,Sep 2001,657,Black,35638389,1.8435176741574932,2001.6666666666667
2001,9,Sep 2001,292,Hispanic,34349995,0.850072903940743,2001.6666666666667
2001,9,Sep 2001,500,White,197842671,0.25272606636007255,2001.6666666666667
2001,10,Oct 2001,18,Indian,2360621,0.7625112205644192,2001.75
2001,10,Oct 2001,30,Asian,11983178,0.25035095030717225,2001.75
2001,10,Oct 2001,761,Black,35638389,2.135337823491404,2001.75
2001,10,Oct 2001,267,Hispanic,34349995,0.7772926895622546,2001.75
2001,10,Oct 2001,548,White,197842671,0.2769877687306395,2001.75
2001,11,Nov 2001,17,Indian,2360621,0.7201494860886182,2001.8333333333333
2001,11,Nov 2001,26,Asian,11983178,0.21697082359954928,2001.8333333333333
2001,11,Nov 2001,661,Black,35638389,1.8547415260549516,2001.8333333333333
2001,11,Nov 2001,265,Hispanic,34349995,0.7714702724119755,2001.8333333333333
2001,11,Nov 2001,516,White,197842671,0.26081330048359486,2001.8333333333333
2001,12,Dec 2001,14,Indian,2360621,0.5930642826612149,2001.9166666666667
2001,12,Dec 2001,23,Asian,11983178,0.19193572856883206,2001.9166666666667
2001,12,Dec 2001,701,Black,35638389,1.9669800450295325,2001.9166666666667
2001,12,Dec 2001,262,Hispanic,34349995,0.762736646686557,2001.9166666666667
2001,12,Dec 2001,556,White,197842671,0.28103138579240067,2001.9166666666667
2002,1,Jan 2002,20,Indian,2383303,0.8391715195256332,2002
2002,1,Jan 2002,31,Asian,12472384,0.2485491145878767,2002
2002,1,Jan 2002,675,Black,36049904,1.87240443136825,2002
2002,1,Jan 2002,241,Hispanic,35618553,0.6766136737783818,2002
2002,1,Jan 2002,471,White,198101982,0.23775632895989904,2002
2002,2,Feb 2002,22,Indian,2383303,0.9230886714781965,2002.0833333333333
2002,2,Feb 2002,17,Asian,12472384,0.13630112735464206,2002.0833333333333
2002,2,Feb 2002,561,Black,36049904,1.5561761274038344,2002.0833333333333
2002,2,Feb 2002,196,Hispanic,35618553,0.5502750209981859,2002.0833333333333
2002,2,Feb 2002,412,White,198101982,0.20797368902649346,2002.0833333333333
2002,3,Mar 2002,25,Indian,2383303,1.0489643994070414,2002.1666666666667
2002,3,Mar 2002,31,Asian,12472384,0.2485491145878767,2002.1666666666667
2002,3,Mar 2002,619,Black,36049904,1.7170642118769581,2002.1666666666667
2002,3,Mar 2002,241,Hispanic,35618553,0.6766136737783818,2002.1666666666667
2002,3,Mar 2002,477,White,198101982,0.24078507200397417,2002.1666666666667
2002,4,Apr 2002,17,Indian,2383303,0.7132957915967881,2002.25
2002,4,Apr 2002,33,Asian,12472384,0.26458454133548165,2002.25
2002,4,Apr 2002,628,Black,36049904,1.7420296042952013,2002.25
2002,4,Apr 2002,268,Hispanic,35618553,0.7524168654464992,2002.25
2002,4,Apr 2002,454,White,198101982,0.22917489033501948,2002.25
2002,5,May 2002,14,Indian,2383303,0.5874200636679432,2002.3333333333333
2002,5,May 2002,40,Asian,12472384,0.320708534952099,2002.3333333333333
2002,5,May 2002,700,Black,36049904,1.9417527436411481,2002.3333333333333
2002,5,May 2002,237,Hispanic,35618553,0.665383571309031,2002.3333333333333
2002,5,May 2002,464,White,198101982,0.23422279540847807,2002.3333333333333
2002,6,Jun 2002,21,Indian,2383303,0.8811300955019148,2002.4166666666667
2002,6,Jun 2002,37,Asian,12472384,0.29665539483069153,2002.4166666666667
2002,6,Jun 2002,676,Black,36049904,1.875178363859166,2002.4166666666667
2002,6,Jun 2002,264,Hispanic,35618553,0.7411867629771485,2002.4166666666667
2002,6,Jun 2002,463,White,198101982,0.2337180049011322,2002.4166666666667
2002,7,Jul 2002,27,Indian,2383303,1.1328815513596047,2002.5
2002,7,Jul 2002,27,Asian,12472384,0.21647826109266682,2002.5
2002,7,Jul 2002,760,Black,36049904,2.108188693096104,2002.5
2002,7,Jul 2002,307,Hispanic,35618553,0.8619103645226689,2002.5
2002,7,Jul 2002,525,White,198101982,0.2650150163565754,2002.5
2002,8,Aug 2002,26,Indian,2383303,1.0909229753833232,2002.5833333333333
2002,8,Aug 2002,34,Asian,12472384,0.2726022547092841,2002.5833333333333
2002,8,Aug 2002,739,Black,36049904,2.049936110786869,2002.5833333333333
2002,8,Aug 2002,293,Hispanic,35618553,0.8226050058799413,2002.5833333333333
2002,8,Aug 2002,554,White,198101982,0.2796539410696053,2002.5833333333333
2002,9,Sep 2002,27,Indian,2383303,1.1328815513596047,2002.6666666666667
2002,9,Sep 2002,41,Asian,12472384,0.32872624832590147,2002.6666666666667
2002,9,Sep 2002,815,Black,36049904,2.2607549800964795,2002.6666666666667
2002,9,Sep 2002,308,Hispanic,35618553,0.8647178901400066,2002.6666666666667
2002,9,Sep 2002,501,White,198101982,0.2529000441802748,2002.6666666666667
2002,10,Oct 2002,21,Indian,2383303,0.8811300955019148,2002.75
2002,10,Oct 2002,35,Asian,12472384,0.2806199680830866,2002.75
2002,10,Oct 2002,692,Black,36049904,1.9195612837138205,2002.75
2002,10,Oct 2002,256,Hispanic,35618553,0.718726558038447,2002.75
2002,10,Oct 2002,488,White,198101982,0.24633776758477863,2002.75
2002,11,Nov 2002,14,Indian,2383303,0.5874200636679432,2002.8333333333333
2002,11,Nov 2002,30,Asian,12472384,0.24053140121407424,2002.8333333333333
2002,11,Nov 2002,682,Black,36049904,1.8918219588046612,2002.8333333333333
2002,11,Nov 2002,269,Hispanic,35618553,0.7552243910638369,2002.8333333333333
2002,11,Nov 2002,462,White,198101982,0.2332132143937863,2002.8333333333333
2002,12,Dec 2002,22,Indian,2383303,0.9230886714781965,2002.9166666666667
2002,12,Dec 2002,31,Asian,12472384,0.2485491145878767,2002.9166666666667
2002,12,Dec 2002,708,Black,36049904,1.9639442035684755,2002.9166666666667
2002,12,Dec 2002,221,Hispanic,35618553,0.620463161431628,2002.9166666666667
2002,12,Dec 2002,491,White,198101982,0.2478521391068162,2002.9166666666667
2003,1,Jan 2003,25,Indian,2404476,1.0397275747397772,2003
2003,1,Jan 2003,40,Asian,12942337,0.3090631931466473,2003
2003,1,Jan 2003,675,Black,36422205,1.8532650617940347,2003
2003,1,Jan 2003,232,Hispanic,36835586,0.6298257342777173,2003
2003,1,Jan 2003,436,White,198289486,0.21988054374199145,2003
2003,2,Feb 2003,21,Indian,2404476,0.8733711627814127,2003.0833333333333
2003,2,Feb 2003,24,Asian,12942337,0.18543791588798839,2003.0833333333333
2003,2,Feb 2003,558,Black,36422205,1.5320324510830687,2003.0833333333333
2003,2,Feb 2003,219,Hispanic,36835586,0.5945337750293969,2003.0833333333333
2003,2,Feb 2003,432,White,198289486,0.21786329104711077,2003.0833333333333
2003,3,Mar 2003,21,Indian,2404476,0.8733711627814127,2003.1666666666667
2003,3,Mar 2003,30,Asian,12942337,0.2317973948599855,2003.1666666666667
2003,3,Mar 2003,687,Black,36422205,1.8862119962259287,2003.1666666666667
2003,3,Mar 2003,276,Hispanic,36835586,0.7492754425028015,2003.1666666666667
2003,3,Mar 2003,462,White,198289486,0.2329926862587157,2003.1666666666667
2003,4,Apr 2003,14,Indian,2404476,0.5822474418542751,2003.25
2003,4,Apr 2003,26,Asian,12942337,0.20089107554532076,2003.25
2003,4,Apr 2003,697,Black,36422205,1.9136677749191737,2003.25
2003,4,Apr 2003,273,Hispanic,36835586,0.7411311442147276,2003.25
2003,4,Apr 2003,458,White,198289486,0.23097543356383507,2003.25
2003,5,May 2003,20,Indian,2404476,0.8317820597918216,2003.3333333333333
2003,5,May 2003,23,Asian,12942337,0.1777113360593222,2003.3333333333333
2003,5,May 2003,728,Black,36422205,1.9987806888682331,2003.3333333333333
2003,5,May 2003,282,Hispanic,36835586,0.7655640390789493,2003.3333333333333
2003,5,May 2003,462,White,198289486,0.2329926862587157,2003.3333333333333
2003,6,Jun 2003,14,Indian,2404476,0.5822474418542751,2003.4166666666667
2003,6,Jun 2003,25,Asian,12942337,0.1931644957166546,2003.4166666666667
2003,6,Jun 2003,735,Black,36422205,2.0179997339535047,2003.4166666666667
2003,6,Jun 2003,281,Hispanic,36835586,0.7628492729829247,2003.4166666666667
2003,6,Jun 2003,448,White,198289486,0.22593230182663343,2003.4166666666667
2003,7,Jul 2003,22,Indian,2404476,0.9149602657710036,2003.5
2003,7,Jul 2003,50,Asian,12942337,0.3863289914333092,2003.5
2003,7,Jul 2003,820,Black,36422205,2.2513738528460867,2003.5
2003,7,Jul 2003,307,Hispanic,36835586,0.8334331914795655,2003.5
2003,7,Jul 2003,498,White,198289486,0.2511479605126416,2003.5
2003,8,Aug 2003,14,Indian,2404476,0.5822474418542751,2003.5833333333333
2003,8,Aug 2003,33,Asian,12942337,0.254977134345984,2003.5833333333333
2003,8,Aug 2003,774,Black,36422205,2.12507727085716,2003.5833333333333
2003,8,Aug 2003,332,Hispanic,36835586,0.9013023438801815,2003.5833333333333
2003,8,Aug 2003,485,White,198289486,0.2445918892542795,2003.5833333333333
2003,9,Sep 2003,17,Indian,2404476,0.7070147508230484,2003.6666666666667
2003,9,Sep 2003,39,Asian,12942337,0.3013366133179811,2003.6666666666667
2003,9,Sep 2003,701,Black,36422205,1.9246500863964715,2003.6666666666667
2003,9,Sep 2003,306,Hispanic,36835586,0.8307184253835409,2003.6666666666667
2003,9,Sep 2003,488,White,198289486,0.24610482877543996,2003.6666666666667
2003,10,Oct 2003,24,Indian,2404476,0.9981384717501859,2003.75
2003,10,Oct 2003,32,Asian,12942337,0.24725055451731787,2003.75
2003,10,Oct 2003,706,Black,36422205,1.9383779757430941,2003.75
2003,10,Oct 2003,274,Hispanic,36835586,0.7438459103107522,2003.75
2003,10,Oct 2003,480,White,198289486,0.24207032338567866,2003.75
2003,11,Nov 2003,16,Indian,2404476,0.6654256478334573,2003.8333333333333
2003,11,Nov 2003,21,Asian,12942337,0.16225817640198983,2003.8333333333333
2003,11,Nov 2003,611,Black,36422205,1.677548078157267,2003.8333333333333
2003,11,Nov 2003,273,Hispanic,36835586,0.7411311442147276,2003.8333333333333
2003,11,Nov 2003,478,White,198289486,0.2410616970382383,2003.8333333333333
2003,12,Dec 2003,26,Indian,2404476,1.0813166777293681,2003.9166666666667
2003,12,Dec 2003,44,Asian,12942337,0.3399695124613121,2003.9166666666667
2003,12,Dec 2003,701,Black,36422205,1.9246500863964715,2003.9166666666667
2003,12,Dec 2003,282,Hispanic,36835586,0.7655640390789493,2003.9166666666667
2003,12,Dec 2003,451,White,198289486,0.22744524134779387,2003.9166666666667
2004,1,Jan 2004,17,Indian,2428499,0.7000208770932168,2004
2004,1,Jan 2004,34,Asian,13406530,0.2536077568170138,2004
2004,1,Jan 2004,679,Black,36848991,1.8426556102988003,2004
2004,1,Jan 2004,274,Hispanic,38050131,0.7201026456387233,2004
2004,1,Jan 2004,459,White,198619903,0.23109466527128453,2004
2004,2,Feb 2004,20,Indian,2428499,0.8235539730508433,2004.0833333333333
2004,2,Feb 2004,32,Asian,13406530,0.23868965347483653,2004.0833333333333
2004,2,Feb 2004,542,Black,36848991,1.4708679540234901,2004.0833333333333
2004,2,Feb 2004,209,Hispanic,38050131,0.5492753756879313,2004.0833333333333
2004,2,Feb 2004,444,White,198619903,0.2235425520271249,2004.0833333333333
2004,3,Mar 2004,16,Indian,2428499,0.6588431784406746,2004.1666666666667
2004,3,Mar 2004,29,Asian,13406530,0.21631249846157058,2004.1666666666667
2004,3,Mar 2004,668,Black,36848991,1.8128040466562572,2004.1666666666667
2004,3,Mar 2004,263,Hispanic,38050131,0.6911934153393585,2004.1666666666667
2004,3,Mar 2004,438,White,198619903,0.22052170672946106,2004.1666666666667
2004,4,Apr 2004,9,Indian,2428499,0.3705992878728795,2004.25
2004,4,Apr 2004,17,Asian,13406530,0.1268038784085069,2004.25
2004,4,Apr 2004,670,Black,36848991,1.818231603682174,2004.25
2004,4,Apr 2004,241,Hispanic,38050131,0.6333749547406289,2004.25
2004,4,Apr 2004,458,White,198619903,0.23059119105500722,2004.25
2004,5,May 2004,17,Indian,2428499,0.7000208770932168,2004.3333333333333
2004,5,May 2004,25,Asian,13406530,0.18647629177721603,2004.3333333333333
2004,5,May 2004,697,Black,36848991,1.8915036235320528,2004.3333333333333
2004,5,May 2004,298,Hispanic,38050131,0.7831773299282464,2004.3333333333333
2004,5,May 2004,495,White,198619903,0.2492197370572676,2004.3333333333333
2004,6,Jun 2004,17,Indian,2428499,0.7000208770932168,2004.4166666666667
2004,6,Jun 2004,30,Asian,13406530,0.22377155013265923,2004.4166666666667
2004,6,Jun 2004,690,Black,36848991,1.8725071739413435,2004.4166666666667
2004,6,Jun 2004,257,Hispanic,38050131,0.6754247442669776,2004.4166666666667
2004,6,Jun 2004,456,White,198619903,0.2295842426224526,2004.4166666666667
2004,7,Jul 2004,29,Indian,2428499,1.1941532609237229,2004.5
2004,7,Jul 2004,35,Asian,13406530,0.26106680848810243,2004.5
2004,7,Jul 2004,796,Black,36848991,2.160167696314941,2004.5
2004,7,Jul 2004,306,Hispanic,38050131,0.8042022246914209,2004.5
2004,7,Jul 2004,513,White,198619903,0.25828227295025913,2004.5
2004,8,Aug 2004,12,Indian,2428499,0.49413238383050595,2004.5833333333333
2004,8,Aug 2004,23,Asian,13406530,0.17155818843503876,2004.5833333333333
2004,8,Aug 2004,758,Black,36848991,2.057044112822519,2004.5833333333333
2004,8,Aug 2004,303,Hispanic,38050131,0.7963178891552305,2004.5833333333333
2004,8,Aug 2004,484,White,198619903,0.24368152067821722,2004.5833333333333
2004,9,Sep 2004,21,Indian,2428499,0.8647316717033856,2004.6666666666667
2004,9,Sep 2004,30,Asian,13406530,0.22377155013265923,2004.6666666666667
2004,9,Sep 2004,668,Black,36848991,1.8128040466562572,2004.6666666666667
2004,9,Sep 2004,274,Hispanic,38050131,0.7201026456387233,2004.6666666666667
2004,9,Sep 2004,498,White,198619903,0.2507301597060996,2004.6666666666667
2004,10,Oct 2004,20,Indian,2428499,0.8235539730508433,2004.75
2004,10,Oct 2004,34,Asian,13406530,0.2536077568170138,2004.75
2004,10,Oct 2004,671,Black,36848991,1.8209453821951327,2004.75
2004,10,Oct 2004,282,Hispanic,38050131,0.7411275404018977,2004.75
2004,10,Oct 2004,462,White,198619903,0.23260508792011642,2004.75
2004,11,Nov 2004,18,Indian,2428499,0.741198575745759,2004.8333333333333
2004,11,Nov 2004,29,Asian,13406530,0.21631249846157058,2004.8333333333333
2004,11,Nov 2004,614,Black,36848991,1.6662600069565,2004.8333333333333
2004,11,Nov 2004,265,Hispanic,38050131,0.6964496390301521,2004.8333333333333
2004,11,Nov 2004,424,White,198619903,0.21347306770157873,2004.8333333333333
2004,12,Dec 2004,16,Indian,2428499,0.6588431784406746,2004.9166666666667
2004,12,Dec 2004,23,Asian,13406530,0.17155818843503876,2004.9166666666667
2004,12,Dec 2004,635,Black,36848991,1.723249355728628,2004.9166666666667
2004,12,Dec 2004,256,Hispanic,38050131,0.6727966324215808,2004.9166666666667
2004,12,Dec 2004,482,White,198619903,0.2426745722456626,2004.9166666666667
2005,1,Jan 2005,20,Indian,2452970,0.815338141110572,2005
2005,1,Jan 2005,39,Asian,13888295,0.28081200752144164,2005
2005,1,Jan 2005,649,Black,37270736,1.7413125407558359,2005
2005,1,Jan 2005,288,Hispanic,39306111,0.7327104937957357,2005
2005,1,Jan 2005,419,White,198880984,0.21067876454191317,2005
2005,2,Feb 2005,16,Indian,2452970,0.6522705128884577,2005.0833333333333
2005,2,Feb 2005,33,Asian,13888295,0.23761016021045062,2005.0833333333333
2005,2,Feb 2005,588,Black,37270736,1.5776452603458113,2005.0833333333333
2005,2,Feb 2005,224,Hispanic,39306111,0.5698859396189055,2005.0833333333333
2005,2,Feb 2005,438,White,198880984,0.22023221687197608,2005.0833333333333
2005,3,Mar 2005,15,Indian,2452970,0.6115036058329291,2005.1666666666667
2005,3,Mar 2005,41,Asian,13888295,0.29521262329177195,2005.1666666666667
2005,3,Mar 2005,632,Black,37270736,1.6957003478546813,2005.1666666666667
2005,3,Mar 2005,258,Hispanic,39306111,0.6563864840253466,2005.1666666666667
2005,3,Mar 2005,455,White,198880984,0.2287800426409797,2005.1666666666667
2005,4,Apr 2005,15,Indian,2452970,0.6115036058329291,2005.25
2005,4,Apr 2005,26,Asian,13888295,0.1872080050142944,2005.25
2005,4,Apr 2005,709,Black,37270736,1.9022967509952042,2005.25
2005,4,Apr 2005,266,Hispanic,39306111,0.6767395532974504,2005.25
2005,4,Apr 2005,452,White,198880984,0.22727160279939082,2005.25
2005,5,May 2005,25,Indian,2452970,1.0191726763882152,2005.3333333333333
2005,5,May 2005,44,Asian,13888295,0.31681354694726743,2005.3333333333333
2005,5,May 2005,787,Black,37270736,2.1115762243063836,2005.3333333333333
2005,5,May 2005,267,Hispanic,39306111,0.6792836869564634,2005.3333333333333
2005,5,May 2005,485,White,198880984,0.24386444105686847,2005.3333333333333
2005,6,Jun 2005,27,Indian,2452970,1.1007064904992723,2005.4166666666667
2005,6,Jun 2005,35,Asian,13888295,0.252010775980781,2005.4166666666667
2005,6,Jun 2005,762,Black,37270736,2.04449947003998,2005.4166666666667
2005,6,Jun 2005,301,Hispanic,39306111,0.7657842313629044,2005.4166666666667
2005,6,Jun 2005,474,White,198880984,0.2383334949710426,2005.4166666666667
2005,7,Jul 2005,23,Indian,2452970,0.9376388622771579,2005.5
2005,7,Jul 2005,39,Asian,13888295,0.28081200752144164,2005.5
2005,7,Jul 2005,829,Black,37270736,2.224265171473941,2005.5
2005,7,Jul 2005,358,Hispanic,39306111,0.9107998499266438,2005.5
2005,7,Jul 2005,499,White,198880984,0.2509038269842832,2005.5
2005,8,Aug 2005,16,Indian,2452970,0.6522705128884577,2005.5833333333333
2005,8,Aug 2005,38,Asian,13888295,0.27361169963627646,2005.5833333333333
2005,8,Aug 2005,828,Black,37270736,2.221582101303285,2005.5833333333333
2005,8,Aug 2005,321,Hispanic,39306111,0.8166669045431638,2005.5833333333333
2005,8,Aug 2005,486,White,198880984,0.2443672543373981,2005.5833333333333
2005,9,Sep 2005,18,Indian,2452970,0.7338043269995148,2005.6666666666667
2005,9,Sep 2005,28,Asian,13888295,0.20160862078462474,2005.6666666666667
2005,9,Sep 2005,693,Black,37270736,1.859367628264706,2005.6666666666667
2005,9,Sep 2005,296,Hispanic,39306111,0.7530635630678395,2005.6666666666667
2005,9,Sep 2005,464,White,198880984,0.23330536216574632,2005.6666666666667
2005,10,Oct 2005,27,Indian,2452970,1.1007064904992723,2005.75
2005,10,Oct 2005,30,Asian,13888295,0.21600923655495508,2005.75
2005,10,Oct 2005,744,Black,37270736,1.9962042069681691,2005.75
2005,10,Oct 2005,325,Hispanic,39306111,0.8268434391792158,2005.75
2005,10,Oct 2005,477,White,198880984,0.23984193481263147,2005.75
2005,11,Nov 2005,28,Indian,2452970,1.141473397554801,2005.8333333333333
2005,11,Nov 2005,35,Asian,13888295,0.252010775980781,2005.8333333333333
2005,11,Nov 2005,701,Black,37270736,1.8808321896299554,2005.8333333333333
2005,11,Nov 2005,277,Hispanic,39306111,0.704725023546593,2005.8333333333333
2005,11,Nov 2005,442,White,198880984,0.22224346999409456,2005.8333333333333
2005,12,Dec 2005,16,Indian,2452970,0.6522705128884577,2005.9166666666667
2005,12,Dec 2005,36,Asian,13888295,0.2592110838659461,2005.9166666666667
2005,12,Dec 2005,711,Black,37270736,1.9076628913365168,2005.9166666666667
2005,12,Dec 2005,300,Hispanic,39306111,0.7632400977038913,2005.9166666666667
2005,12,Dec 2005,439,White,198880984,0.2207350301525057,2005.9166666666667
2006,1,Jan 2006,22,Indian,2477720,0.8879130813812699,2006
2006,1,Jan 2006,30,Asian,14375996,0.20868119328914672,2006
2006,1,Jan 2006,719,Black,37719495,1.9061761033651166,2006
2006,1,Jan 2006,293,Hispanic,40604875,0.7215882329400103,2006
2006,1,Jan 2006,509,White,199200396,0.25552158038882616,2006
2006,2,Feb 2006,10,Indian,2477720,0.4035968551733045,2006.0833333333333
2006,2,Feb 2006,30,Asian,14375996,0.20868119328914672,2006.0833333333333
2006,2,Feb 2006,574,Black,37719495,1.5217595039382155,2006.0833333333333
2006,2,Feb 2006,240,Hispanic,40604875,0.591062033807517,2006.0833333333333
2006,2,Feb 2006,388,White,199200396,0.19477872925513662,2006.0833333333333
2006,3,Mar 2006,20,Indian,2477720,0.807193710346609,2006.1666666666667
2006,3,Mar 2006,34,Asian,14375996,0.23650535239436626,2006.1666666666667
2006,3,Mar 2006,638,Black,37719495,1.691433037478365,2006.1666666666667
2006,3,Mar 2006,254,Hispanic,40604875,0.6255406524462888,2006.1666666666667
2006,3,Mar 2006,432,White,199200396,0.21686703875829644,2006.1666666666667
2006,4,Apr 2006,16,Indian,2477720,0.6457549682772872,2006.25
2006,4,Apr 2006,33,Asian,14375996,0.22954931261806139,2006.25
2006,4,Apr 2006,778,Black,37719495,2.062593892097442,2006.25
2006,4,Apr 2006,304,Hispanic,40604875,0.7486785761561882,2006.25
2006,4,Apr 2006,414,White,199200396,0.2078309121433674,2006.25
2006,5,May 2006,17,Indian,2477720,0.6861146537946177,2006.3333333333333
2006,5,May 2006,33,Asian,14375996,0.22954931261806139,2006.3333333333333
2006,5,May 2006,781,Black,37719495,2.0705473389821365,2006.3333333333333
2006,5,May 2006,304,Hispanic,40604875,0.7486785761561882,2006.3333333333333
2006,5,May 2006,485,White,199200396,0.24347341156892077,2006.3333333333333
2006,6,Jun 2006,24,Indian,2477720,0.9686324524159307,2006.4166666666667
2006,6,Jun 2006,36,Asian,14375996,0.250417431946976,2006.4166666666667
2006,6,Jun 2006,821,Black,37719495,2.1765932974447297,2006.4166666666667
2006,6,Jun 2006,316,Hispanic,40604875,0.7782316778465639,2006.4166666666667
2006,6,Jun 2006,433,White,199200396,0.21736904579245916,2006.4166666666667
2006,7,Jul 2006,24,Indian,2477720,0.9686324524159307,2006.5
2006,7,Jul 2006,38,Asian,14375996,0.26432951149958583,2006.5
2006,7,Jul 2006,886,Black,37719495,2.348917979946444,2006.5
2006,7,Jul 2006,336,Hispanic,40604875,0.8274868473305238,2006.5
2006,7,Jul 2006,513,White,199200396,0.257529608525477,2006.5
2006,8,Aug 2006,29,Indian,2477720,1.1704308800025829,2006.5833333333333
2006,8,Aug 2006,44,Asian,14375996,0.30606575015741516,2006.5833333333333
2006,8,Aug 2006,755,Black,37719495,2.0016174659814507,2006.5833333333333
2006,8,Aug 2006,291,Hispanic,40604875,0.7166627159916144,2006.5833333333333
2006,8,Aug 2006,493,White,199200396,0.2474894678422226,2006.5833333333333
2006,9,Sep 2006,14,Indian,2477720,0.5650355972426263,2006.6666666666667
2006,9,Sep 2006,39,Asian,14375996,0.2712855512758907,2006.6666666666667
2006,9,Sep 2006,785,Black,37719495,2.0811519348283958,2006.6666666666667
2006,9,Sep 2006,288,Hispanic,40604875,0.7092744405690203,2006.6666666666667
2006,9,Sep 2006,484,White,199200396,0.24297140453475807,2006.6666666666667
2006,10,Oct 2006,27,Indian,2477720,1.0897115089679221,2006.75
2006,10,Oct 2006,29,Asian,14375996,0.20172515351284181,2006.75
2006,10,Oct 2006,735,Black,37719495,1.948594486750154,2006.75
2006,10,Oct 2006,324,Hispanic,40604875,0.7979337456401479,2006.75
2006,10,Oct 2006,505,White,199200396,0.25351355225217526,2006.75
2006,11,Nov 2006,17,Indian,2477720,0.6861146537946177,2006.8333333333333
2006,11,Nov 2006,39,Asian,14375996,0.2712855512758907,2006.8333333333333
2006,11,Nov 2006,748,Black,37719495,1.9830594232504968,2006.8333333333333
2006,11,Nov 2006,265,Hispanic,40604875,0.6526309956624666,2006.8333333333333
2006,11,Nov 2006,487,White,199200396,0.2444774256372462,2006.8333333333333
2006,12,Dec 2006,25,Indian,2477720,1.0089921379332611,2006.9166666666667
2006,12,Dec 2006,35,Asian,14375996,0.24346139217067117,2006.9166666666667
2006,12,Dec 2006,796,Black,37719495,2.110314573405609,2006.9166666666667
2006,12,Dec 2006,290,Hispanic,40604875,0.7141999575174163,2006.9166666666667
2006,12,Dec 2006,470,White,199200396,0.23594330605647992,2006.9166666666667
2007,1,Jan 2007,22,Indian,2502533,0.8791092864709475,2007
2007,1,Jan 2007,44,Asian,14854701,0.29620252874830666,2007
2007,1,Jan 2007,700,Black,38184699,1.8331950187691672,2007
2007,1,Jan 2007,271,Hispanic,41898407,0.6468026338089656,2007
2007,1,Jan 2007,491,White,199492421,0.24612463848939908,2007
2007,2,Feb 2007,14,Indian,2502533,0.559433182299694,2007.0833333333333
2007,2,Feb 2007,15,Asian,14854701,0.1009781348005591,2007.0833333333333
2007,2,Feb 2007,556,Black,38184699,1.4560806149080814,2007.0833333333333
2007,2,Feb 2007,244,Hispanic,41898407,0.5823610429866701,2007.0833333333333
2007,2,Feb 2007,400,White,199492421,0.20050887045979554,2007.0833333333333
2007,3,Mar 2007,9,Indian,2502533,0.3596356171926604,2007.1666666666667
2007,3,Mar 2007,19,Asian,14854701,0.12790563741404154,2007.1666666666667
2007,3,Mar 2007,762,Black,38184699,1.9955637204315793,2007.1666666666667
2007,3,Mar 2007,272,Hispanic,41898407,0.6491893593949765,2007.1666666666667
2007,3,Mar 2007,460,White,199492421,0.2305852010287649,2007.1666666666667
2007,4,Apr 2007,13,Indian,2502533,0.5194736692782872,2007.25
2007,4,Apr 2007,26,Asian,14854701,0.17502876698763578,2007.25
2007,4,Apr 2007,751,Black,38184699,1.966756370136635,2007.25
2007,4,Apr 2007,252,Hispanic,41898407,0.6014548476747577,2007.25
2007,4,Apr 2007,464,White,199492421,0.23259028973336285,2007.25
2007,5,May 2007,18,Indian,2502533,0.7192712343853208,2007.3333333333333
2007,5,May 2007,34,Asian,14854701,0.22888377221460063,2007.3333333333333
2007,5,May 2007,786,Black,38184699,2.0584161210750933,2007.3333333333333
2007,5,May 2007,296,Hispanic,41898407,0.7064707734592391,2007.3333333333333
2007,5,May 2007,411,White,199492421,0.20602286439743997,2007.3333333333333
2007,6,Jun 2007,16,Indian,2502533,0.6393522083425074,2007.4166666666667
2007,6,Jun 2007,30,Asian,14854701,0.2019562696011182,2007.4166666666667
2007,6,Jun 2007,841,Black,38184699,2.202452872549814,2007.4166666666667
2007,6,Jun 2007,299,Hispanic,41898407,0.713630950217272,2007.4166666666667
2007,6,Jun 2007,510,White,199492421,0.25564880983623933,2007.4166666666667
2007,7,Jul 2007,20,Indian,2502533,0.7991902604281342,2007.5
2007,7,Jul 2007,37,Asian,14854701,0.24907939917471245,2007.5
2007,7,Jul 2007,816,Black,38184699,2.136981621879486,2007.5
2007,7,Jul 2007,355,Hispanic,41898407,0.8472875830338847,2007.5
2007,7,Jul 2007,544,White,199492421,0.27269206382532196,2007.5
2007,8,Aug 2007,23,Indian,2502533,0.9190687994923544,2007.5833333333333
2007,8,Aug 2007,35,Asian,14854701,0.2356156478679712,2007.5833333333333
2007,8,Aug 2007,843,Black,38184699,2.2076905726034397,2007.5833333333333
2007,8,Aug 2007,310,Hispanic,41898407,0.7398849316633924,2007.5833333333333
2007,8,Aug 2007,517,White,199492421,0.25915771506928575,2007.5833333333333
2007,9,Sep 2007,16,Indian,2502533,0.6393522083425074,2007.6666666666667
2007,9,Sep 2007,26,Asian,14854701,0.17502876698763578,2007.6666666666667
2007,9,Sep 2007,743,Black,38184699,1.9458055699221304,2007.6666666666667
2007,9,Sep 2007,274,Hispanic,41898407,0.6539628105669985,2007.6666666666667
2007,9,Sep 2007,471,White,199492421,0.23609919496640927,2007.6666666666667
2007,10,Oct 2007,20,Indian,2502533,0.7991902604281342,2007.75
2007,10,Oct 2007,19,Asian,14854701,0.12790563741404154,2007.75
2007,10,Oct 2007,726,Black,38184699,1.9012851194663076,2007.75
2007,10,Oct 2007,290,Hispanic,41898407,0.6921504199431735,2007.75
2007,10,Oct 2007,481,White,199492421,0.24111191672790416,2007.75
2007,11,Nov 2007,12,Indian,2502533,0.47951415625688054,2007.8333333333333
2007,11,Nov 2007,28,Asian,14854701,0.188492518294377,2007.8333333333333
2007,11,Nov 2007,652,Black,38184699,1.7074902174821387,2007.8333333333333
2007,11,Nov 2007,266,Hispanic,41898407,0.6348690058789108,2007.8333333333333
2007,11,Nov 2007,455,White,199492421,0.22807884014801746,2007.8333333333333
2007,12,Dec 2007,19,Indian,2502533,0.7592307474067275,2007.9166666666667
2007,12,Dec 2007,34,Asian,14854701,0.22888377221460063,2007.9166666666667
2007,12,Dec 2007,694,Black,38184699,1.8174819186082884,2007.9166666666667
2007,12,Dec 2007,308,Hispanic,41898407,0.7351114804913704,2007.9166666666667
2007,12,Dec 2007,488,White,199492421,0.24462082196095056,2007.9166666666667
2008,1,Jan 2008,20,Indian,2528470,0.7909921810422904,2008
2008,1,Jan 2008,26,Asian,15336181,0.16953373202885386,2008
2008,1,Jan 2008,624,Black,38651733,1.6144166161967435,2008
2008,1,Jan 2008,244,Hispanic,43182582,0.5650426368668737,2008
2008,1,Jan 2008,502,White,199783797,0.25127162839937417,2008
2008,2,Feb 2008,18,Indian,2528470,0.7118929629380614,2008.0833333333333
2008,2,Feb 2008,29,Asian,15336181,0.1890953164937216,2008.0833333333333
2008,2,Feb 2008,587,Black,38651733,1.5186899899158468,2008.0833333333333
2008,2,Feb 2008,246,Hispanic,43182582,0.5696741338903727,2008.0833333333333
2008,2,Feb 2008,466,White,199783797,0.23325214907192898,2008.0833333333333
2008,3,Mar 2008,21,Indian,2528470,0.830541790094405,2008.1666666666667
2008,3,Mar 2008,31,Asian,15336181,0.20213637280363342,2008.1666666666667
2008,3,Mar 2008,633,Black,38651733,1.6377014712380424,2008.1666666666667
2008,3,Mar 2008,273,Hispanic,43182582,0.6321993437076088,2008.1666666666667
2008,3,Mar 2008,503,White,199783797,0.2517721694918032,2008.1666666666667
2008,4,Apr 2008,23,Indian,2528470,0.9096410081986339,2008.25
2008,4,Apr 2008,27,Asian,15336181,0.1760542601838098,2008.25
2008,4,Apr 2008,689,Black,38651733,1.7825850137172377,2008.25
2008,4,Apr 2008,290,Hispanic,43182582,0.6715670684073499,2008.25
2008,4,Apr 2008,482,White,199783797,0.24126080655079352,2008.25
2008,5,May 2008,16,Indian,2528470,0.6327937448338323,2008.3333333333333
2008,5,May 2008,35,Asian,15336181,0.22821848542345713,2008.3333333333333
2008,5,May 2008,695,Black,38651733,1.798108250411437,2008.3333333333333
2008,5,May 2008,268,Hispanic,43182582,0.6206206011488613,2008.3333333333333
2008,5,May 2008,478,White,199783797,0.2392586421810774,2008.3333333333333
2008,6,Jun 2008,31,Indian,2528470,1.22603788061555,2008.4166666666667
2008,6,Jun 2008,27,Asian,15336181,0.1760542601838098,2008.4166666666667
2008,6,Jun 2008,730,Black,38651733,1.8886604644609335,2008.4166666666667
2008,6,Jun 2008,317,Hispanic,43182582,0.734092278224586,2008.4166666666667
2008,6,Jun 2008,489,White,199783797,0.24476459419779675,2008.4166666666667
2008,7,Jul 2008,22,Indian,2528470,0.8700913991465195,2008.5
2008,7,Jul 2008,28,Asian,15336181,0.1825747883387657,2008.5
2008,7,Jul 2008,820,Black,38651733,2.1215090148739257,2008.5
2008,7,Jul 2008,282,Hispanic,43182582,0.6530410803133542,2008.5
2008,7,Jul 2008,503,White,199783797,0.2517721694918032,2008.5
2008,8,Aug 2008,13,Indian,2528470,0.5141449176774888,2008.5833333333333
2008,8,Aug 2008,24,Asian,15336181,0.15649267571894204,2008.5833333333333
2008,8,Aug 2008,755,Black,38651733,1.9533406173534316,2008.5833333333333
2008,8,Aug 2008,280,Hispanic,43182582,0.6484095832898552,2008.5833333333333
2008,8,Aug 2008,532,White,199783797,0.2662878611722451,2008.5833333333333
2008,9,Sep 2008,20,Indian,2528470,0.7909921810422904,2008.6666666666667
2008,9,Sep 2008,26,Asian,15336181,0.16953373202885386,2008.6666666666667
2008,9,Sep 2008,765,Black,38651733,1.9792126785104307,2008.6666666666667
2008,9,Sep 2008,282,Hispanic,43182582,0.6530410803133542,2008.6666666666667
2008,9,Sep 2008,495,White,199783797,0.2477678407523709,2008.6666666666667
2008,10,Oct 2008,22,Indian,2528470,0.8700913991465195,2008.75
2008,10,Oct 2008,27,Asian,15336181,0.1760542601838098,2008.75
2008,10,Oct 2008,705,Black,38651733,1.823980311568436,2008.75
2008,10,Oct 2008,266,Hispanic,43182582,0.6159891041253623,2008.75
2008,10,Oct 2008,463,White,199783797,0.2317505257946419,2008.75
2008,11,Nov 2008,25,Indian,2528470,0.988740226302863,2008.8333333333333
2008,11,Nov 2008,31,Asian,15336181,0.20213637280363342,2008.8333333333333
2008,11,Nov 2008,668,Black,38651733,1.7282536852875396,2008.8333333333333
2008,11,Nov 2008,292,Hispanic,43182582,0.676198565430849,2008.8333333333333
2008,11,Nov 2008,444,White,199783797,0.22224024503849027,2008.8333333333333
2008,12,Dec 2008,16,Indian,2528470,0.6327937448338323,2008.9166666666667
2008,12,Dec 2008,22,Asian,15336181,0.14345161940903017,2008.9166666666667
2008,12,Dec 2008,652,Black,38651733,1.6868583874363408,2008.9166666666667
2008,12,Dec 2008,252,Hispanic,43182582,0.5835686249608697,2008.9166666666667
2008,12,Dec 2008,466,White,199783797,0.23325214907192898,2008.9166666666667
2009,1,Jan 2009,22,Indian,2552151,0.8620179605360341,2009
2009,1,Jan 2009,35,Asian,15793995,0.221603210587315,2009
2009,1,Jan 2009,621,Black,39104815,1.5880397337258854,2009
2009,1,Jan 2009,256,Hispanic,44395754,0.5766317202316239,2009
2009,1,Jan 2009,423,White,199993079,0.21150731921078128,2009
2009,2,Feb 2009,15,Indian,2552151,0.587739518547296,2009.0833333333333
2009,2,Feb 2009,22,Asian,15793995,0.1392934466548837,2009.0833333333333
2009,2,Feb 2009,505,Black,39104815,1.2914010717094557,2009.0833333333333
2009,2,Feb 2009,210,Hispanic,44395754,0.47301820800250405,2009.0833333333333
2009,2,Feb 2009,383,White,199993079,0.19150662708683036,2009.0833333333333
2009,3,Mar 2009,15,Indian,2552151,0.587739518547296,2009.1666666666667
2009,3,Mar 2009,36,Asian,15793995,0.22793473088980973,2009.1666666666667
2009,3,Mar 2009,604,Black,39104815,1.5445668263614085,2009.1666666666667
2009,3,Mar 2009,248,Hispanic,44395754,0.5586119789743857,2009.1666666666667
2009,3,Mar 2009,474,White,199993079,0.23700820166881875,2009.1666666666667
2009,4,Apr 2009,23,Indian,2552151,0.9012005951058539,2009.25
2009,4,Apr 2009,33,Asian,15793995,0.20894016998232556,2009.25
2009,4,Apr 2009,638,Black,39104815,1.6315126410903618,2009.25
2009,4,Apr 2009,261,Hispanic,44395754,0.5878940585173978,2009.25
2009,4,Apr 2009,473,White,199993079,0.23650818436571996,2009.25
2009,5,May 2009,24,Indian,2552151,0.9403832296756737,2009.3333333333333
2009,5,May 2009,24,Asian,15793995,0.15195648725987312,2009.3333333333333
2009,5,May 2009,727,Black,39104815,1.8591060972926223,2009.3333333333333
2009,5,May 2009,278,Hispanic,44395754,0.6261860086890292,2009.3333333333333
2009,5,May 2009,447,White,199993079,0.22350773448515185,2009.3333333333333
2009,6,Jun 2009,19,Indian,2552151,0.744470056826575,2009.4166666666667
2009,6,Jun 2009,25,Asian,15793995,0.15828800756236786,2009.4166666666667
2009,6,Jun 2009,699,Black,39104815,1.7875036616334843,2009.4166666666667
2009,6,Jun 2009,276,Hispanic,44395754,0.6216810733747196,2009.4166666666667
2009,6,Jun 2009,438,White,199993079,0.2190075787572629,2009.4166666666667
2009,7,Jul 2009,26,Indian,2552151,1.018748498815313,2009.5
2009,7,Jul 2009,39,Asian,15793995,0.24692929179729384,2009.5
2009,7,Jul 2009,773,Black,39104815,1.9767386701612066,2009.5
2009,7,Jul 2009,301,Hispanic,44395754,0.677992764803589,2009.5
2009,7,Jul 2009,479,White,199993079,0.23950828818431263,2009.5
2009,8,Aug 2009,23,Indian,2552151,0.9012005951058539,2009.5833333333333
2009,8,Aug 2009,25,Asian,15793995,0.15828800756236786,2009.5833333333333
2009,8,Aug 2009,725,Black,39104815,1.853991637602684,2009.5833333333333
2009,8,Aug 2009,302,Hispanic,44395754,0.6802452324607439,2009.5833333333333
2009,8,Aug 2009,441,White,199993079,0.22050763066655923,2009.5833333333333
2009,9,Sep 2009,14,Indian,2552151,0.5485568839774763,2009.6666666666667
2009,9,Sep 2009,13,Asian,15793995,0.08230976393243128,2009.6666666666667
2009,9,Sep 2009,629,Black,39104815,1.6084975724856392,2009.6666666666667
2009,9,Sep 2009,267,Hispanic,44395754,0.6014088644603266,2009.6666666666667
2009,9,Sep 2009,427,White,199993079,0.21350738842317638,2009.6666666666667
2009,10,Oct 2009,31,Indian,2552151,1.2146616716644119,2009.75
2009,10,Oct 2009,23,Asian,15793995,0.14562496695737842,2009.75
2009,10,Oct 2009,670,Black,39104815,1.713343996129377,2009.75
2009,10,Oct 2009,226,Hispanic,44395754,0.5090576905169805,2009.75
2009,10,Oct 2009,447,White,199993079,0.22350773448515185,2009.75
2009,11,Nov 2009,12,Indian,2552151,0.47019161483783684,2009.8333333333333
2009,11,Nov 2009,17,Asian,15793995,0.10763584514241013,2009.8333333333333
2009,11,Nov 2009,628,Black,39104815,1.6059403426406698,2009.8333333333333
2009,11,Nov 2009,257,Hispanic,44395754,0.5788841878887787,2009.8333333333333
2009,11,Nov 2009,483,White,199993079,0.2415083573967077,2009.8333333333333
2009,12,Dec 2009,17,Indian,2552151,0.6661047876869355,2009.9166666666667
2009,12,Dec 2009,42,Asian,15793995,0.265923852704778,2009.9166666666667
2009,12,Dec 2009,625,Black,39104815,1.598268653105762,2009.9166666666667
2009,12,Dec 2009,244,Hispanic,44395754,0.5496021083457666,2009.9166666666667
2009,12,Dec 2009,441,White,199993079,0.22050763066655923,2009.9166666666667
2010,1,Jan 2010,14,Indian,2569567,0.5448388775229445,2010
2010,1,Jan 2010,28,Asian,16133872,0.17354792451557816,2010
2010,1,Jan 2010,617,Black,39437133,1.5645153515596584,2010
2010,1,Jan 2010,234,Hispanic,45295968,0.5166022724141804,2010
2010,1,Jan 2010,426,White,200127372,0.21286443515582665,2010
2010,2,Feb 2010,16,Indian,2569567,0.6226730028833651,2010.0833333333333
2010,2,Feb 2010,23,Asian,16133872,0.1425572237092249,2010.0833333333333
2010,2,Feb 2010,477,Black,39437133,1.209519971951308,2010.0833333333333
2010,2,Feb 2010,192,Hispanic,45295968,0.42387878762189163,2010.0833333333333
2010,2,Feb 2010,360,White,200127372,0.1798854381598535,2010.0833333333333
2010,3,Mar 2010,16,Indian,2569567,0.6226730028833651,2010.1666666666667
2010,3,Mar 2010,21,Asian,16133872,0.1301609433866836,2010.1666666666667
2010,3,Mar 2010,627,Black,39437133,1.589872164388826,2010.1666666666667
2010,3,Mar 2010,244,Hispanic,45295968,0.5386792926028205,2010.1666666666667
2010,3,Mar 2010,416,White,200127372,0.20786761742916404,2010.1666666666667
2010,4,Apr 2010,23,Indian,2569567,0.8950924416448375,2010.25
2010,4,Apr 2010,19,Asian,16133872,0.11776466306414232,2010.25
2010,4,Apr 2010,680,Black,39437133,1.7242632723834161,2010.25
2010,4,Apr 2010,225,Hispanic,45295968,0.4967329542444042,2010.25
2010,4,Apr 2010,444,White,200127372,0.22185870706381933,2010.25
2010,5,May 2010,22,Indian,2569567,0.8561753789646271,2010.3333333333333
2010,5,May 2010,20,Asian,16133872,0.12396280322541298,2010.3333333333333
2010,5,May 2010,679,Black,39437133,1.7217275911004992,2010.3333333333333
2010,5,May 2010,283,Hispanic,45295968,0.6247796713385174,2010.3333333333333
2010,5,May 2010,455,White,200127372,0.2273552065631482,2010.3333333333333
2010,6,Jun 2010,22,Indian,2569567,0.8561753789646271,2010.4166666666667
2010,6,Jun 2010,28,Asian,16133872,0.17354792451557816,2010.4166666666667
2010,6,Jun 2010,724,Black,39437133,1.8358332488317544,2010.4166666666667
2010,6,Jun 2010,228,Hispanic,45295968,0.5033560603009963,2010.4166666666667
2010,6,Jun 2010,434,White,200127372,0.21686188933715672,2010.4166666666667
2010,7,Jul 2010,31,Indian,2569567,1.20642894308652,2010.5
2010,7,Jul 2010,26,Asian,16133872,0.16115164419303687,2010.5
2010,7,Jul 2010,765,Black,39437133,1.939796181431343,2010.5
2010,7,Jul 2010,248,Hispanic,45295968,0.5475101006782767,2010.5
2010,7,Jul 2010,473,White,200127372,0.23634947847114085,2010.5
2010,8,Aug 2010,21,Indian,2569567,0.8172583162844168,2010.5833333333333
2010,8,Aug 2010,36,Asian,16133872,0.22313304580574334,2010.5833333333333
2010,8,Aug 2010,671,Black,39437133,1.7014421408371647,2010.5833333333333
2010,8,Aug 2010,263,Hispanic,45295968,0.580625630961237,2010.5833333333333
2010,8,Aug 2010,496,White,200127372,0.24784215924246483,2010.5833333333333
2010,9,Sep 2010,16,Indian,2569567,0.6226730028833651,2010.6666666666667
2010,9,Sep 2010,29,Asian,16133872,0.1797460646768488,2010.6666666666667
2010,9,Sep 2010,651,Black,39437133,1.650728515178829,2010.6666666666667
2010,9,Sep 2010,231,Hispanic,45295968,0.5099791663575884,2010.6666666666667
2010,9,Sep 2010,456,White,200127372,0.22785488833581444,2010.6666666666667
2010,10,Oct 2010,18,Indian,2569567,0.7005071282437858,2010.75
2010,10,Oct 2010,22,Asian,16133872,0.13635908354795426,2010.75
2010,10,Oct 2010,651,Black,39437133,1.650728515178829,2010.75
2010,10,Oct 2010,239,Hispanic,45295968,0.5276407825085005,2010.75
2010,10,Oct 2010,479,White,200127372,0.23934756910713842,2010.75
2010,11,Nov 2010,26,Indian,2569567,1.0118436296854683,2010.8333333333333
2010,11,Nov 2010,28,Asian,16133872,0.17354792451557816,2010.8333333333333
2010,11,Nov 2010,629,Black,39437133,1.59494352695466,2010.8333333333333
2010,11,Nov 2010,246,Hispanic,45295968,0.5430946966405487,2010.8333333333333
2010,11,Nov 2010,386,White,200127372,0.19287716424917625,2010.8333333333333
2010,12,Dec 2010,19,Indian,2569567,0.7394241909239961,2010.9166666666667
2010,12,Dec 2010,32,Asian,16133872,0.19834048516066075,2010.9166666666667
2010,12,Dec 2010,603,Black,39437133,1.5290158135988232,2010.9166666666667
2010,12,Dec 2010,200,Hispanic,45295968,0.4415404037728038,2010.9166666666667
2010,12,Dec 2010,430,White,200127372,0.2148631622464917,2010.9166666666667
2011,1,Jan 2011,31,Indian,2598792,1.1928619143048,2011
2011,1,Jan 2011,30,Asian,16579709,0.18094406843931943,2011
2011,1,Jan 2011,621,Black,39944896,1.554641674370613,2011
2011,1,Jan 2011,204,Hispanic,46671088,0.43710144490310576,2011
2011,1,Jan 2011,455,White,200423243,0.22701957776424167,2011
2011,2,Feb 2011,11,Indian,2598792,0.4232735824952516,2011.0833333333333
2011,2,Feb 2011,22,Asian,16579709,0.1326923168555009,2011.0833333333333
2011,2,Feb 2011,486,Black,39944896,1.2166760929856972,2011.0833333333333
2011,2,Feb 2011,182,Hispanic,46671088,0.38996305378610413,2011.0833333333333
2011,2,Feb 2011,352,White,200423243,0.17562833268794079,2011.0833333333333
2011,3,Mar 2011,13,Indian,2598792,0.5002324156762065,2011.1666666666667
2011,3,Mar 2011,22,Asian,16579709,0.1326923168555009,2011.1666666666667
2011,3,Mar 2011,585,Black,39944896,1.4645175193346354,2011.1666666666667
2011,3,Mar 2011,219,Hispanic,46671088,0.4692412570283341,2011.1666666666667
2011,3,Mar 2011,442,White,200423243,0.22053330411383473,2011.1666666666667
2011,4,Apr 2011,14,Indian,2598792,0.538711832266684,2011.25
2011,4,Apr 2011,36,Asian,16579709,0.2171328821271833,2011.25
2011,4,Apr 2011,668,Black,39944896,1.6723037656675839,2011.25
2011,4,Apr 2011,218,Hispanic,46671088,0.46709860288665217,2011.25
2011,4,Apr 2011,459,White,200423243,0.22901535427205916,2011.25
2011,5,May 2011,20,Indian,2598792,0.7695883318095483,2011.3333333333333
2011,5,May 2011,44,Asian,16579709,0.2653846337110018,2011.3333333333333
2011,5,May 2011,706,Black,39944896,1.76743481820556,2011.3333333333333
2011,5,May 2011,264,Hispanic,46671088,0.5656606934040191,2011.3333333333333
2011,5,May 2011,456,White,200423243,0.22751852189119603,2011.3333333333333
2011,6,Jun 2011,17,Indian,2598792,0.6541500820381161,2011.4166666666667
2011,6,Jun 2011,24,Asian,16579709,0.1447552547514555,2011.4166666666667
2011,6,Jun 2011,676,Black,39944896,1.6923313556755786,2011.4166666666667
2011,6,Jun 2011,235,Hispanic,46671088,0.5035237232952444,2011.4166666666667
2011,6,Jun 2011,435,White,200423243,0.2170406952251541,2011.4166666666667
2011,7,Jul 2011,17,Indian,2598792,0.6541500820381161,2011.5
2011,7,Jul 2011,34,Asian,16579709,0.20506994423122865,2011.5
2011,7,Jul 2011,786,Black,39944896,1.9677107182855103,2011.5
2011,7,Jul 2011,257,Hispanic,46671088,0.5506621144122459,2011.5
2011,7,Jul 2011,533,White,200423243,0.2659372196666831,2011.5
2011,8,Aug 2011,32,Indian,2598792,1.2313413308952776,2011.5833333333333
2011,8,Aug 2011,34,Asian,16579709,0.20506994423122865,2011.5833333333333
2011,8,Aug 2011,728,Black,39944896,1.8225106907275461,2011.5833333333333
2011,8,Aug 2011,238,Hispanic,46671088,0.50995168572029,2011.5833333333333
2011,8,Aug 2011,424,White,200423243,0.21155230982865594,2011.5833333333333
2011,9,Sep 2011,15,Indian,2598792,0.5771912488571613,2011.6666666666667
2011,9,Sep 2011,33,Asian,16579709,0.1990384752832514,2011.6666666666667
2011,9,Sep 2011,685,Black,39944896,1.7148623944345731,2011.6666666666667
2011,9,Sep 2011,230,Hispanic,46671088,0.4928104525868349,2011.6666666666667
2011,9,Sep 2011,443,White,200423243,0.2210322482407891,2011.6666666666667
2011,10,Oct 2011,25,Indian,2598792,0.9619854147619356,2011.75
2011,10,Oct 2011,22,Asian,16579709,0.1326923168555009,2011.75
2011,10,Oct 2011,673,Black,39944896,1.6848210094225804,2011.75
2011,10,Oct 2011,275,Hispanic,46671088,0.58922988896252,2011.75
2011,10,Oct 2011,416,White,200423243,0.20756075681302094,2011.75
2011,11,Nov 2011,29,Indian,2598792,1.1159030811238453,2011.8333333333333
2011,11,Nov 2011,25,Asian,16579709,0.15078672369943286,2011.8333333333333
2011,11,Nov 2011,636,Black,39944896,1.5921934056356037,2011.8333333333333
2011,11,Nov 2011,220,Hispanic,46671088,0.471383911170016,2011.8333333333333
2011,11,Nov 2011,402,White,200423243,0.20057553903565964,2011.8333333333333
2011,12,Dec 2011,16,Indian,2598792,0.6156706654476388,2011.9166666666667
2011,12,Dec 2011,30,Asian,16579709,0.18094406843931943,2011.9166666666667
2011,12,Dec 2011,645,Black,39944896,1.614724444394598,2011.9166666666667
2011,12,Dec 2011,211,Hispanic,46671088,0.452100023894879,2011.9166666666667
2011,12,Dec 2011,492,White,200423243,0.24548051046155359,2011.9166666666667
2012,1,Jan 2012,18,Indian,2620501,0.6868915524168852,2012
2012,1,Jan 2012,29,Asian,17175596,0.16884421361564395,2012
2012,1,Jan 2012,642,Black,40391388,1.589447730788553,2012
2012,1,Jan 2012,219,Hispanic,47525706,0.46080325455870136,2012
2012,1,Jan 2012,446,White,200698847,0.22222349887241755,2012
2012,2,Feb 2012,21,Indian,2620501,0.8013734778196995,2012.0833333333333
2012,2,Feb 2012,20,Asian,17175596,0.11644428525216825,2012.0833333333333
2012,2,Feb 2012,484,Black,40391388,1.1982752362954203,2012.0833333333333
2012,2,Feb 2012,191,Hispanic,47525706,0.40188776995758885,2012.0833333333333
2012,2,Feb 2012,418,White,200698847,0.20827224782213125,2012.0833333333333
2012,3,Mar 2012,15,Indian,2620501,0.5724096270140709,2012.1666666666667
2012,3,Mar 2012,25,Asian,17175596,0.14555535656521032,2012.1666666666667
2012,3,Mar 2012,699,Black,40391388,1.7305669218398732,2012.1666666666667
2012,3,Mar 2012,208,Hispanic,47525706,0.43765788560826424,2012.1666666666667
2012,3,Mar 2012,457,White,200698847,0.22770434749931576,2012.1666666666667
2012,4,Apr 2012,18,Indian,2620501,0.6868915524168852,2012.25
2012,4,Apr 2012,25,Asian,17175596,0.14555535656521032,2012.25
2012,4,Apr 2012,639,Black,40391388,1.582020404943747,2012.25
2012,4,Apr 2012,217,Hispanic,47525706,0.4565950056586219,2012.25
2012,4,Apr 2012,474,White,200698847,0.23617474992270385,2012.25
2012,5,May 2012,13,Indian,2620501,0.4960883434121948,2012.3333333333333
2012,5,May 2012,18,Asian,17175596,0.10479985672695141,2012.3333333333333
2012,5,May 2012,722,Black,40391388,1.787509753316722,2012.3333333333333
2012,5,May 2012,216,Hispanic,47525706,0.45449088120858216,2012.3333333333333
2012,5,May 2012,458,White,200698847,0.2282026064653974,2012.3333333333333
2012,6,Jun 2012,22,Indian,2620501,0.8395341196206374,2012.4166666666667
2012,6,Jun 2012,35,Asian,17175596,0.20377749919129443,2012.4166666666667
2012,6,Jun 2012,712,Black,40391388,1.7627520005007007,2012.4166666666667
2012,6,Jun 2012,235,Hispanic,47525706,0.49446924575933704,2012.4166666666667
2012,6,Jun 2012,450,White,200698847,0.22421653473674416,2012.4166666666667
2012,7,Jul 2012,31,Indian,2620501,1.18297989582908,2012.5
2012,7,Jul 2012,29,Asian,17175596,0.16884421361564395,2012.5
2012,7,Jul 2012,792,Black,40391388,1.9608140230288693,2012.5
2012,7,Jul 2012,250,Hispanic,47525706,0.5260311125099331,2012.5
2012,7,Jul 2012,517,White,200698847,0.257599885464215,2012.5
2012,8,Aug 2012,15,Indian,2620501,0.5724096270140709,2012.5833333333333
2012,8,Aug 2012,36,Asian,17175596,0.20959971345390283,2012.5833333333333
2012,8,Aug 2012,775,Black,40391388,1.9187258432416336,2012.5833333333333
2012,8,Aug 2012,247,Hispanic,47525706,0.5197187391598139,2012.5833333333333
2012,8,Aug 2012,462,White,200698847,0.230195642329724,2012.5833333333333
2012,9,Sep 2012,25,Indian,2620501,0.9540160450234516,2012.6666666666667
2012,9,Sep 2012,27,Asian,17175596,0.15719978509042715,2012.6666666666667
2012,9,Sep 2012,758,Black,40391388,1.8766376634543978,2012.6666666666667
2012,9,Sep 2012,240,Hispanic,47525706,0.5049898680095357,2012.6666666666667
2012,9,Sep 2012,422,White,200698847,0.21026528368645786,2012.6666666666667
2012,10,Oct 2012,31,Indian,2620501,1.18297989582908,2012.75
2012,10,Oct 2012,42,Asian,17175596,0.24453299902955333,2012.75
2012,10,Oct 2012,651,Black,40391388,1.6117297083229722,2012.75
2012,10,Oct 2012,244,Hispanic,47525706,0.5134063658096947,2012.75
2012,10,Oct 2012,462,White,200698847,0.230195642329724,2012.75
2012,11,Nov 2012,16,Indian,2620501,0.610570268815009,2012.8333333333333
2012,11,Nov 2012,26,Asian,17175596,0.15137757082781872,2012.8333333333333
2012,11,Nov 2012,665,Black,40391388,1.6463905622654018,2012.8333333333333
2012,11,Nov 2012,225,Hispanic,47525706,0.47342800125893975,2012.8333333333333
2012,11,Nov 2012,430,White,200698847,0.21425135541511106,2012.8333333333333
2012,12,Dec 2012,23,Indian,2620501,0.8776947614215754,2012.9166666666667
2012,12,Dec 2012,30,Asian,17175596,0.17466642787825237,2012.9166666666667
2012,12,Dec 2012,721,Black,40391388,1.7850339780351197,2012.9166666666667
2012,12,Dec 2012,237,Hispanic,47525706,0.4986774946594165,2012.9166666666667
2012,12,Dec 2012,455,White,200698847,0.22670782956715244,2012.9166666666667
2013,1,Jan 2013,20,Indian,2643000,0.7567158531971245,2013
2013,1,Jan 2013,21,Asian,17693870,0.11868517175722439,2013
2013,1,Jan 2013,676,Black,40802086,1.6567780382601027,2013
2013,1,Jan 2013,207,Hispanic,48425985,0.42745645751965605,2013
2013,1,Jan 2013,491,White,200918513,0.24437767962178775,2013
2013,2,Feb 2013,18,Indian,2643000,0.681044267877412,2013.0833333333333
2013,2,Feb 2013,23,Asian,17693870,0.12998852144838863,2013.0833333333333
2013,2,Feb 2013,481,Black,40802086,1.1788612964543037,2013.0833333333333
2013,2,Feb 2013,177,Hispanic,48425985,0.3655062462849233,2013.0833333333333
2013,2,Feb 2013,399,White,200918513,0.1985879718311473,2013.0833333333333
2013,3,Mar 2013,26,Indian,2643000,0.9837306091562618,2013.1666666666667
2013,3,Mar 2013,20,Asian,17693870,0.11303349691164229,2013.1666666666667
2013,3,Mar 2013,601,Black,40802086,1.4729639067963338,2013.1666666666667
2013,3,Mar 2013,206,Hispanic,48425985,0.4253914504784983,2013.1666666666667
2013,3,Mar 2013,444,White,200918513,0.22098511151135186,2013.1666666666667
2013,4,Apr 2013,19,Indian,2643000,0.7188800605372683,2013.25
2013,4,Apr 2013,24,Asian,17693870,0.13564019629397076,2013.25
2013,4,Apr 2013,662,Black,40802086,1.6224660670535325,2013.25
2013,4,Apr 2013,188,Hispanic,48425985,0.3882213237376586,2013.25
2013,4,Apr 2013,405,White,200918513,0.20157425712184124,2013.25
2013,5,May 2013,18,Indian,2643000,0.681044267877412,2013.3333333333333
2013,5,May 2013,34,Asian,17693870,0.19215694474979186,2013.3333333333333
2013,5,May 2013,659,Black,40802086,1.6151135017949818,2013.3333333333333
2013,5,May 2013,198,Hispanic,48425985,0.4088713941492362,2013.3333333333333
2013,5,May 2013,452,White,200918513,0.2249668252322771,2013.3333333333333
2013,6,Jun 2013,19,Indian,2643000,0.7188800605372683,2013.4166666666667
2013,6,Jun 2013,18,Asian,17693870,0.10173014722047806,2013.4166666666667
2013,6,Jun 2013,757,Black,40802086,1.855297300240973,2013.4166666666667
2013,6,Jun 2013,246,Hispanic,48425985,0.5079917321248086,2013.4166666666667
2013,6,Jun 2013,475,White,200918513,0.23641425217993725,2013.4166666666667
2013,7,Jul 2013,16,Indian,2643000,0.6053726825576996,2013.5
2013,7,Jul 2013,32,Asian,17693870,0.18085359505862764,2013.5
2013,7,Jul 2013,816,Black,40802086,1.9998977503258046,2013.5
2013,7,Jul 2013,236,Hispanic,48425985,0.487341661713231,2013.5
2013,7,Jul 2013,490,White,200918513,0.24387996540667212,2013.5
2013,8,Aug 2013,15,Indian,2643000,0.5675368898978433,2013.5833333333333
2013,8,Aug 2013,26,Asian,17693870,0.14694354598513498,2013.5833333333333
2013,8,Aug 2013,701,Black,40802086,1.7180494154146921,2013.5833333333333
2013,8,Aug 2013,229,Hispanic,48425985,0.47288661242512675,2013.5833333333333
2013,8,Aug 2013,439,White,200918513,0.2184965404357736,2013.5833333333333
2013,9,Sep 2013,16,Indian,2643000,0.6053726825576996,2013.6666666666667
2013,9,Sep 2013,33,Asian,17693870,0.18650526990420976,2013.6666666666667
2013,9,Sep 2013,657,Black,40802086,1.6102117916226146,2013.6666666666667
2013,9,Sep 2013,209,Hispanic,48425985,0.43158647160197156,2013.6666666666667
2013,9,Sep 2013,402,White,200918513,0.20008111447649424,2013.6666666666667
2013,10,Oct 2013,19,Indian,2643000,0.7188800605372683,2013.75
2013,10,Oct 2013,24,Asian,17693870,0.13564019629397076,2013.75
2013,10,Oct 2013,690,Black,40802086,1.6910900094666728,2013.75
2013,10,Oct 2013,207,Hispanic,48425985,0.42745645751965605,2013.75
2013,10,Oct 2013,440,White,200918513,0.21899425465088923,2013.75
2013,11,Nov 2013,19,Indian,2643000,0.7188800605372683,2013.8333333333333
2013,11,Nov 2013,24,Asian,17693870,0.13564019629397076,2013.8333333333333
2013,11,Nov 2013,658,Black,40802086,1.612662646708798,2013.8333333333333
2013,11,Nov 2013,230,Hispanic,48425985,0.4749516194662845,2013.8333333333333
2013,11,Nov 2013,404,White,200918513,0.20107654290672558,2013.8333333333333
2013,12,Dec 2013,18,Indian,2643000,0.681044267877412,2013.9166666666667
2013,12,Dec 2013,23,Asian,17693870,0.12998852144838863,2013.9166666666667
2013,12,Dec 2013,731,Black,40802086,1.7915750680001998,2013.9166666666667
2013,12,Dec 2013,205,Hispanic,48425985,0.42332644343734055,2013.9166666666667
2013,12,Dec 2013,447,White,200918513,0.22247825415669886,2013.9166666666667
2014,1,Jan 2014,14,Indian,2667297,0.5248759324514668,2014
2014,1,Jan 2014,33,Asian,18436908,0.1789887979047246,2014
2014,1,Jan 2014,554,Black,41316519,1.3408680436026084,2014
2014,1,Jan 2014,199,Hispanic,49581674,0.4013579694788038,2014
2014,1,Jan 2014,429,White,201048793,0.21338103730868954,2014
2014,2,Feb 2014,21,Indian,2667297,0.7873138986772003,2014.0833333333333
2014,2,Feb 2014,19,Asian,18436908,0.10305415636938689,2014.0833333333333
2014,2,Feb 2014,490,Black,41316519,1.1859663201539317,2014.0833333333333
2014,2,Feb 2014,171,Hispanic,49581674,0.3448854913611832,2014.0833333333333
2014,2,Feb 2014,365,White,201048793,0.1815479688057615,2014.0833333333333
2014,3,Mar 2014,24,Indian,2667297,0.8997873127739431,2014.1666666666667
2014,3,Mar 2014,28,Asian,18436908,0.1518692830706754,2014.1666666666667
2014,3,Mar 2014,594,Black,41316519,1.4376816207580314,2014.1666666666667
2014,3,Mar 2014,191,Hispanic,49581674,0.3852229757309122,2014.1666666666667
2014,3,Mar 2014,448,White,201048793,0.22283147952049628,2014.1666666666667
2014,4,Apr 2014,19,Indian,2667297,0.7123316226127049,2014.25
2014,4,Apr 2014,19,Asian,18436908,0.10305415636938689,2014.25
2014,4,Apr 2014,648,Black,41316519,1.5683799499178526,2014.25
2014,4,Apr 2014,198,Hispanic,49581674,0.39934109526031736,2014.25
2014,4,Apr 2014,434,White,201048793,0.2158679957854808,2014.25
2014,5,May 2014,17,Indian,2667297,0.6373493465482096,2014.3333333333333
2014,5,May 2014,23,Asian,18436908,0.12474976823662623,2014.3333333333333
2014,5,May 2014,734,Black,41316519,1.776529140802012,2014.3333333333333
2014,5,May 2014,204,Hispanic,49581674,0.4114423405712361,2014.3333333333333
2014,5,May 2014,454,White,201048793,0.22581582969264583,2014.3333333333333
2014,6,Jun 2014,17,Indian,2667297,0.6373493465482096,2014.4166666666667
2014,6,Jun 2014,32,Asian,18436908,0.17356489493791477,2014.4166666666667
2014,6,Jun 2014,724,Black,41316519,1.7523257465131563,2014.4166666666667
2014,6,Jun 2014,215,Hispanic,49581674,0.43362795697458706,2014.4166666666667
2014,6,Jun 2014,429,White,201048793,0.21338103730868954,2014.4166666666667
2014,7,Jul 2014,26,Indian,2667297,0.9747695888384383,2014.5
2014,7,Jul 2014,24,Asian,18436908,0.13017367120343606,2014.5
2014,7,Jul 2014,737,Black,41316519,1.7837901590886687,2014.5
2014,7,Jul 2014,205,Hispanic,49581674,0.41345921478972253,2014.5
2014,7,Jul 2014,422,White,201048793,0.2098992954411818,2014.5
2014,8,Aug 2014,18,Indian,2667297,0.6748404845804573,2014.5833333333333
2014,8,Aug 2014,31,Asian,18436908,0.1681409919711049,2014.5833333333333
2014,8,Aug 2014,727,Black,41316519,1.759586764799813,2014.5833333333333
2014,8,Aug 2014,274,Hispanic,49581674,0.5526235358652877,2014.5833333333333
2014,8,Aug 2014,442,White,201048793,0.2198471293483468,2014.5833333333333
2014,9,Sep 2014,15,Indian,2667297,0.5623670704837145,2014.6666666666667
2014,9,Sep 2014,20,Asian,18436908,0.10847805933619672,2014.6666666666667
2014,9,Sep 2014,658,Black,41316519,1.592583344206708,2014.6666666666667
2014,9,Sep 2014,220,Hispanic,49581674,0.44371232806701927,2014.6666666666667
2014,9,Sep 2014,412,White,201048793,0.20492537848759926,2014.6666666666667
2014,10,Oct 2014,33,Indian,2667297,1.2372075550641717,2014.75
2014,10,Oct 2014,32,Asian,18436908,0.17356489493791477,2014.75
2014,10,Oct 2014,685,Black,41316519,1.6579325087866188,2014.75
2014,10,Oct 2014,235,Hispanic,49581674,0.473965441344316,2014.75
2014,10,Oct 2014,453,White,201048793,0.22531843799728754,2014.75
2014,11,Nov 2014,33,Indian,2667297,1.2372075550641717,2014.8333333333333
2014,11,Nov 2014,23,Asian,18436908,0.12474976823662623,2014.8333333333333
2014,11,Nov 2014,632,Black,41316519,1.5296545190556834,2014.8333333333333
2014,11,Nov 2014,223,Hispanic,49581674,0.44976295072247857,2014.8333333333333
2014,11,Nov 2014,414,White,201048793,0.20592016187831577,2014.8333333333333
2014,12,Dec 2014,20,Indian,2667297,0.7498227606449526,2014.9166666666667
2014,12,Dec 2014,24,Asian,18436908,0.13017367120343606,2014.9166666666667
2014,12,Dec 2014,714,Black,41316519,1.7281223522243006,2014.9166666666667
2014,12,Dec 2014,243,Hispanic,49581674,0.4901004350922077,2014.9166666666667
2014,12,Dec 2014,430,White,201048793,0.21387842900404777,2014.9166666666667
2015,1,Jan 2015,19,Indian,2689706,0.7063969073199822,2015
2015,1,Jan 2015,27,Asian,19116557,0.1412388224511349,2015
2015,1,Jan 2015,714,Black,41777483,1.7090546120262917,2015
2015,1,Jan 2015,221,Hispanic,50632773,0.4364761929985545,2015
2015,1,Jan 2015,471,White,201242281,0.23404624398985022,2015
2015,2,Feb 2015,18,Indian,2689706,0.6692181227241936,2015.0833333333333
2015,2,Feb 2015,22,Asian,19116557,0.11508348496018399,2015.0833333333333
2015,2,Feb 2015,493,Black,41777483,1.1800615178276777,2015.0833333333333
2015,2,Feb 2015,176,Hispanic,50632773,0.34760095008029684,2015.0833333333333
2015,2,Feb 2015,436,White,201242281,0.21665427256809913,2015.0833333333333
2015,3,Mar 2015,32,Indian,2689706,1.1897211070652332,2015.1666666666667
2015,3,Mar 2015,23,Asian,19116557,0.12031455245837418,2015.1666666666667
2015,3,Mar 2015,666,Black,41777483,1.5941601843270454,2015.1666666666667
2015,3,Mar 2015,214,Hispanic,50632773,0.42265115521127,2015.1666666666667
2015,3,Mar 2015,464,White,201242281,0.2305678497055,2015.1666666666667
2015,4,Apr 2015,21,Indian,2689706,0.7807544765115593,2015.25
2015,4,Apr 2015,24,Asian,19116557,0.12554561995656435,2015.25
2015,4,Apr 2015,664,Black,41777483,1.5893729165062433,2015.25
2015,4,Apr 2015,199,Hispanic,50632773,0.39302607423851743,2015.25
2015,4,Apr 2015,411,White,201242281,0.20423143583827696,2015.25
2015,5,May 2015,20,Indian,2689706,0.7435756919157708,2015.3333333333333
2015,5,May 2015,31,Asian,19116557,0.16216309244389562,2015.3333333333333
2015,5,May 2015,787,Black,41777483,1.8837898874855623,2015.3333333333333
2015,5,May 2015,245,Hispanic,50632773,0.48387632255495866,2015.3333333333333
2015,5,May 2015,468,White,201242281,0.2325555035822716,2015.3333333333333
2015,6,Jun 2015,22,Indian,2689706,0.8179332611073478,2015.4166666666667
2015,6,Jun 2015,20,Asian,19116557,0.10462134996380362,2015.4166666666667
2015,6,Jun 2015,845,Black,41777483,2.0226206542888185,2015.4166666666667
2015,6,Jun 2015,255,Hispanic,50632773,0.5036263765367937,2015.4166666666667
2015,6,Jun 2015,422,White,201242281,0.20969748399939872,2015.4166666666667
2015,7,Jul 2015,29,Indian,2689706,1.0781847532778674,2015.5
2015,7,Jul 2015,27,Asian,19116557,0.1412388224511349,2015.5
2015,7,Jul 2015,883,Black,41777483,2.1135787428840556,2015.5
2015,7,Jul 2015,253,Hispanic,50632773,0.4996763657404267,2015.5
2015,7,Jul 2015,499,White,201242281,0.24795982112725107,2015.5
2015,8,Aug 2015,12,Indian,2689706,0.4461454151494625,2015.5833333333333
2015,8,Aug 2015,27,Asian,19116557,0.1412388224511349,2015.5833333333333
2015,8,Aug 2015,898,Black,41777483,2.14948325154007,2015.5833333333333
2015,8,Aug 2015,266,Hispanic,50632773,0.5253514359168122,2015.5833333333333
2015,8,Aug 2015,483,White,201242281,0.2400092056201649,2015.5833333333333
2015,9,Sep 2015,28,Indian,2689706,1.041005968682079,2015.6666666666667
2015,9,Sep 2015,29,Asian,19116557,0.15170095744751527,2015.6666666666667
2015,9,Sep 2015,842,Black,41777483,2.015439752557616,2015.6666666666667
2015,9,Sep 2015,263,Hispanic,50632773,0.5194264197222617,2015.6666666666667
2015,9,Sep 2015,468,White,201242281,0.2325555035822716,2015.6666666666667
2015,10,Oct 2015,21,Indian,2689706,0.7807544765115593,2015.75
2015,10,Oct 2015,27,Asian,19116557,0.1412388224511349,2015.75
2015,10,Oct 2015,743,Black,41777483,1.7784699954279197,2015.75
2015,10,Oct 2015,244,Hispanic,50632773,0.48190131715677514,2015.75
2015,10,Oct 2015,480,White,201242281,0.2385184652125862,2015.75
2015,11,Nov 2015,19,Indian,2689706,0.7063969073199822,2015.8333333333333
2015,11,Nov 2015,28,Asian,19116557,0.14646988994932508,2015.8333333333333
2015,11,Nov 2015,755,Black,41777483,1.8071936023527317,2015.8333333333333
2015,11,Nov 2015,254,Hispanic,50632773,0.5016513711386101,2015.8333333333333
2015,11,Nov 2015,472,White,201242281,0.2345431574590431,2015.8333333333333
2015,12,Dec 2015,29,Indian,2689706,1.0781847532778674,2015.9166666666667
2015,12,Dec 2015,34,Asian,19116557,0.17785629493846616,2015.9166666666667
2015,12,Dec 2015,868,Black,41777483,2.077674234228041,2015.9166666666667
2015,12,Dec 2015,247,Hispanic,50632773,0.48782633335132564,2015.9166666666667
2015,12,Dec 2015,424,White,201242281,0.2106913109377845,2015.9166666666667
2016,1,Jan 2016,21,Indian,2711067,0.7746027671023993,2016
2016,1,Jan 2016,27,Asian,19479730,0.13860561722364736,2016
2016,1,Jan 2016,746,Black,42141669,1.770219399711008,2016
2016,1,Jan 2016,238,Hispanic,51378054,0.4632328036402469,2016
2016,1,Jan 2016,499,White,201324760,0.24785823661232725,2016
2016,2,Feb 2016,26,Indian,2711067,0.9590319973648751,2016.0833333333333
2016,2,Feb 2016,28,Asian,19479730,0.14373915860230096,2016.0833333333333
2016,2,Feb 2016,609,Black,42141669,1.4451254885040268,2016.0833333333333
2016,2,Feb 2016,221,Hispanic,51378054,0.4301447462373721,2016.0833333333333
2016,2,Feb 2016,407,White,201324760,0.20216092645534509,2016.0833333333333
2016,3,Mar 2016,16,Indian,2711067,0.5901735368399231,2016.1666666666667
2016,3,Mar 2016,30,Asian,19479730,0.15400624135960816,2016.1666666666667
2016,3,Mar 2016,758,Black,42141669,1.7986947787948313,2016.1666666666667
2016,3,Mar 2016,229,Hispanic,51378054,0.4457155967799014,2016.1666666666667
2016,3,Mar 2016,466,White,201324760,0.23146681014297496,2016.1666666666667
2016,4,Apr 2016,22,Indian,2711067,0.8114886131548944,2016.25
2016,4,Apr 2016,44,Asian,19479730,0.22587582066075865,2016.25
2016,4,Apr 2016,789,Black,42141669,1.8722561747613746,2016.25
2016,4,Apr 2016,224,Hispanic,51378054,0.4359838151908206,2016.25
2016,4,Apr 2016,480,White,201324760,0.23842074864512444,2016.25
2016,5,May 2016,33,Indian,2711067,1.2172329197323417,2016.3333333333333
2016,5,May 2016,25,Asian,19479730,0.12833853446634014,2016.3333333333333
2016,5,May 2016,860,Black,42141669,2.0407355010073283,2016.3333333333333
2016,5,May 2016,275,Hispanic,51378054,0.5352479873994449,2016.3333333333333
2016,5,May 2016,476,White,201324760,0.2364339090730817,2016.3333333333333
2016,6,Jun 2016,16,Indian,2711067,0.5901735368399231,2016.4166666666667
2016,6,Jun 2016,32,Asian,19479730,0.16427332411691536,2016.4166666666667
2016,6,Jun 2016,875,Black,42141669,2.0763297248621075,2016.4166666666667
2016,6,Jun 2016,296,Hispanic,51378054,0.5761214700735844,2016.4166666666667
2016,6,Jun 2016,471,White,201324760,0.23395035960802837,2016.4166666666667
2016,7,Jul 2016,25,Indian,2711067,0.9221461513123799,2016.5
2016,7,Jul 2016,36,Asian,19479730,0.1848074896315298,2016.5
2016,7,Jul 2016,962,Black,42141669,2.2827762232198254,2016.5
2016,7,Jul 2016,301,Hispanic,51378054,0.5858532516626651,2016.5
2016,7,Jul 2016,503,White,201324760,0.24984507618436996,2016.5
2016,8,Aug 2016,32,Indian,2711067,1.1803470736798463,2016.5833333333333
2016,8,Aug 2016,38,Asian,19479730,0.195074572388837,2016.5833333333333
2016,8,Aug 2016,931,Black,42141669,2.209214827253282,2016.5833333333333
2016,8,Aug 2016,274,Hispanic,51378054,0.5333016310816288,2016.5833333333333
2016,8,Aug 2016,560,White,201324760,0.2781575400859785,2016.5833333333333
2016,9,Sep 2016,22,Indian,2711067,0.8114886131548944,2016.6666666666667
2016,9,Sep 2016,31,Asian,19479730,0.15913978273826176,2016.6666666666667
2016,9,Sep 2016,880,Black,42141669,2.0881944661470335,2016.6666666666667
2016,9,Sep 2016,269,Hispanic,51378054,0.5235698494925479,2016.6666666666667
2016,9,Sep 2016,488,White,201324760,0.24239442778920983,2016.6666666666667
2016,10,Oct 2016,33,Indian,2711067,1.2172329197323417,2016.75
2016,10,Oct 2016,40,Asian,19479730,0.20534165514614422,2016.75
2016,10,Oct 2016,855,Black,42141669,2.0288707597224023,2016.75
2016,10,Oct 2016,276,Hispanic,51378054,0.537194343717261,2016.75
2016,10,Oct 2016,511,White,201324760,0.2538187553284554,2016.75
2016,11,Nov 2016,27,Indian,2711067,0.9959178434173704,2016.8333333333333
2016,11,Nov 2016,27,Asian,19479730,0.13860561722364736,2016.8333333333333
2016,11,Nov 2016,859,Black,42141669,2.038362552750343,2016.8333333333333
2016,11,Nov 2016,289,Hispanic,51378054,0.5624969758488712,2016.8333333333333
2016,11,Nov 2016,539,White,201324760,0.2677266323327543,2016.8333333333333
2016,12,Dec 2016,26,Indian,2711067,0.9590319973648751,2016.9166666666667
2016,12,Dec 2016,19,Asian,19479730,0.0975372861944185,2016.9166666666667
2016,12,Dec 2016,850,Black,42141669,2.017006018437476,2016.9166666666667
2016,12,Dec 2016,229,Hispanic,51378054,0.4457155967799014,2016.9166666666667
2016,12,Dec 2016,504,White,201324760,0.25034178607738067,2016.9166666666667
2017,1,Jan 2017,39,Indian,2729175,1.4290032702190223,2017
2017,1,Jan 2017,55,Asian,20178119,0.2725724830941873,2017
2017,1,Jan 2017,821,Black,42624362,1.9261285365397376,2017
2017,1,Jan 2017,307,Hispanic,52694857,0.5825995504646687,2017
2017,1,Jan 2017,537,White,201240793,0.2668445060241837,2017
2017,2,Feb 2017,19,Indian,2729175,0.6961810803631134,2017.0833333333333
2017,2,Feb 2017,23,Asian,20178119,0.11398485656666016,2017.0833333333333
2017,2,Feb 2017,700,Black,42624362,1.6422533198268163,2017.0833333333333
2017,2,Feb 2017,228,Hispanic,52694857,0.43267979643630117,2017.0833333333333
2017,2,Feb 2017,487,White,201240793,0.24199864885247196,2017.0833333333333
2017,3,Mar 2017,22,Indian,2729175,0.8061044088414996,2017.1666666666667
2017,3,Mar 2017,22,Asian,20178119,0.10902899323767493,2017.1666666666667
2017,3,Mar 2017,770,Black,42624362,1.8064786518094982,2017.1666666666667
2017,3,Mar 2017,253,Hispanic,52694857,0.4801227565718605,2017.1666666666667
2017,3,Mar 2017,429,White,201240793,0.2131774545332864,2017.1666666666667
2017,4,Apr 2017,16,Indian,2729175,0.5862577518847271,2017.25
2017,4,Apr 2017,26,Asian,20178119,0.12885244655361583,2017.25
2017,4,Apr 2017,817,Black,42624362,1.9167442318550127,2017.25
2017,4,Apr 2017,235,Hispanic,52694857,0.44596382527425776,2017.25
2017,4,Apr 2017,458,White,201240793,0.22758805169287916,2017.25
2017,5,May 2017,14,Indian,2729175,0.5129755328991361,2017.3333333333333
2017,5,May 2017,21,Asian,20178119,0.10407312990868971,2017.3333333333333
2017,5,May 2017,903,Black,42624362,2.1185067825765933,2017.3333333333333
2017,5,May 2017,267,Hispanic,52694857,0.5066908142477737,2017.3333333333333
2017,5,May 2017,516,White,201240793,0.2564092460120648,2017.3333333333333
2017,6,Jun 2017,24,Indian,2729175,0.8793866278270905,2017.4166666666667
2017,6,Jun 2017,32,Asian,20178119,0.15858762652752717,2017.4166666666667
2017,6,Jun 2017,877,Black,42624362,2.057508802125883,2017.4166666666667
2017,6,Jun 2017,253,Hispanic,52694857,0.4801227565718605,2017.4166666666667
2017,6,Jun 2017,504,White,201240793,0.25044624029085394,2017.4166666666667
2017,7,Jul 2017,36,Indian,2729175,1.3190799417406358,2017.5
2017,7,Jul 2017,33,Asian,20178119,0.16354348985651238,2017.5
2017,7,Jul 2017,945,Black,42624362,2.217041981766202,2017.5
2017,7,Jul 2017,288,Hispanic,52694857,0.5465429007616436,2017.5
2017,7,Jul 2017,540,White,201240793,0.2683352574544864,2017.5
2017,8,Aug 2017,24,Indian,2729175,0.8793866278270905,2017.5833333333333
2017,8,Aug 2017,26,Asian,20178119,0.12885244655361583,2017.5833333333333
2017,8,Aug 2017,884,Black,42624362,2.073931335324151,2017.5833333333333
2017,8,Aug 2017,260,Hispanic,52694857,0.49340678540981714,2017.5833333333333
2017,8,Aug 2017,491,White,201240793,0.2439863174262089,2017.5833333333333
2017,9,Sep 2017,25,Indian,2729175,0.9160277373198861,2017.6666666666667
2017,9,Sep 2017,29,Asian,20178119,0.1437200365405715,2017.6666666666667
2017,9,Sep 2017,844,Black,42624362,1.9800882884769044,2017.6666666666667
2017,9,Sep 2017,245,Hispanic,52694857,0.4649410093284816,2017.6666666666667
2017,9,Sep 2017,481,White,201240793,0.23901714599186655,2017.6666666666667
2017,10,Oct 2017,18,Indian,2729175,0.6595399708703179,2017.75
2017,10,Oct 2017,30,Asian,20178119,0.1486758998695567,2017.75
2017,10,Oct 2017,884,Black,42624362,2.073931335324151,2017.75
2017,10,Oct 2017,293,Hispanic,52694857,0.5560314927887554,2017.75
2017,10,Oct 2017,539,White,201240793,0.26783834031105214,2017.75
2017,11,Nov 2017,27,Indian,2729175,0.9893099563054769,2017.8333333333333
2017,11,Nov 2017,34,Asian,20178119,0.1684993531854976,2017.8333333333333
2017,11,Nov 2017,788,Black,42624362,1.848708022890759,2017.8333333333333
2017,11,Nov 2017,236,Hispanic,52694857,0.4478615436796802,2017.8333333333333
2017,11,Nov 2017,590,White,201240793,0.2931811146261981,2017.8333333333333
2017,12,Dec 2017,23,Indian,2729175,0.8427455183342951,2017.9166666666667
2017,12,Dec 2017,29,Asian,20178119,0.1437200365405715,2017.9166666666667
2017,12,Dec 2017,825,Black,42624362,1.9355128412244624,2017.9166666666667
2017,12,Dec 2017,240,Hispanic,52694857,0.4554524173013696,2017.9166666666667
2017,12,Dec 2017,484,White,201240793,0.2405078974221693,2017.9166666666667
2018,1,Jan 2018,33,Indian,2745839,1.2018184605870919,2018
2018,1,Jan 2018,40,Asian,20546745,0.1946780378108552,2018
2018,1,Jan 2018,796,Black,42934826,1.8539728098583652,2018
2018,1,Jan 2018,268,Hispanic,53495958,0.5009724286085314,2018
2018,1,Jan 2018,564,White,201068278,0.2805017308598028,2018
2018,2,Feb 2018,27,Indian,2745839,0.9833060132076207,2018.0833333333333
2018,2,Feb 2018,17,Asian,20546745,0.08273816606961347,2018.0833333333333
2018,2,Feb 2018,680,Black,42934826,1.5837958677182016,2018.0833333333333
2018,2,Feb 2018,233,Hispanic,53495958,0.43554692487234264,2018.0833333333333
2018,2,Feb 2018,440,White,201068278,0.21883113755020073,2018.0833333333333
2018,3,Mar 2018,26,Indian,2745839,0.9468872719777087,2018.1666666666667
2018,3,Mar 2018,24,Asian,20546745,0.11680682268651311,2018.1666666666667
2018,3,Mar 2018,725,Black,42934826,1.6886058883760238,2018.1666666666667
2018,3,Mar 2018,252,Hispanic,53495958,0.47106362690055953,2018.1666666666667
2018,3,Mar 2018,471,White,201068278,0.23424878587760126,2018.1666666666667
2018,4,Apr 2018,29,Indian,2745839,1.0561434956674445,2018.25
2018,4,Apr 2018,31,Asian,20546745,0.1508754793034128,2018.25
2018,4,Apr 2018,807,Black,42934826,1.8795930371302774,2018.25
2018,4,Apr 2018,249,Hispanic,53495958,0.4654557265803147,2018.25
2018,4,Apr 2018,487,White,201068278,0.24220628178851764,2018.25
2018,5,May 2018,20,Indian,2745839,0.7283748245982375,2018.3333333333333
2018,5,May 2018,24,Asian,20546745,0.11680682268651311,2018.3333333333333
2018,5,May 2018,850,Black,42934826,1.9797448346477518,2018.3333333333333
2018,5,May 2018,223,Hispanic,53495958,0.4168539238048602,2018.3333333333333
2018,5,May 2018,464,White,201068278,0.23076738141657532,2018.3333333333333
2018,6,Jun 2018,22,Indian,2745839,0.8012123070580613,2018.4166666666667
2018,6,Jun 2018,27,Asian,20546745,0.13140767552232724,2018.4166666666667
2018,6,Jun 2018,874,Black,42934826,2.035643512331924,2018.4166666666667
2018,6,Jun 2018,274,Hispanic,53495958,0.512188229249021,2018.4166666666667
2018,6,Jun 2018,506,White,201068278,0.25165580818273087,2018.4166666666667
2018,7,Jul 2018,26,Indian,2745839,0.9468872719777087,2018.5
2018,7,Jul 2018,23,Asian,20546745,0.11193987174124173,2018.5
2018,7,Jul 2018,904,Black,42934826,2.1055168594371385,2018.5
2018,7,Jul 2018,283,Hispanic,53495958,0.5290119302097553,2018.5
2018,7,Jul 2018,553,White,201068278,0.27503095242104775,2018.5
2018,8,Aug 2018,28,Indian,2745839,1.0197247544375325,2018.5833333333333
2018,8,Aug 2018,39,Asian,20546745,0.18981108686558382,2018.5833333333333
2018,8,Aug 2018,836,Black,42934826,1.9471372726653184,2018.5833333333333
2018,8,Aug 2018,278,Hispanic,53495958,0.519665429676014,2018.5833333333333
2018,8,Aug 2018,470,White,201068278,0.23375144238316897,2018.5833333333333
2018,9,Sep 2018,24,Indian,2745839,0.8740497895178851,2018.6666666666667
2018,9,Sep 2018,45,Asian,20546745,0.2190127925372121,2018.6666666666667
2018,9,Sep 2018,842,Black,42934826,1.9611119420863612,2018.6666666666667
2018,9,Sep 2018,245,Hispanic,53495958,0.4579785261533217,2018.6666666666667
2018,9,Sep 2018,487,White,201068278,0.24220628178851764,2018.6666666666667
2018,10,Oct 2018,33,Indian,2745839,1.2018184605870919,2018.75
2018,10,Oct 2018,26,Asian,20546745,0.12654072457705587,2018.75
2018,10,Oct 2018,799,Black,42934826,1.8609601445688868,2018.75
2018,10,Oct 2018,215,Hispanic,53495958,0.40189952295087417,2018.75
2018,10,Oct 2018,463,White,201068278,0.23027003792214304,2018.75
2018,11,Nov 2018,25,Indian,2745839,0.9104685307477969,2018.8333333333333
2018,11,Nov 2018,37,Asian,20546745,0.18007718497504108,2018.8333333333333
2018,11,Nov 2018,725,Black,42934826,1.6886058883760238,2018.8333333333333
2018,11,Nov 2018,246,Hispanic,53495958,0.45984782626007,2018.8333333333333
2018,11,Nov 2018,475,White,201068278,0.23623815985533034,2018.8333333333333
2018,12,Dec 2018,26,Indian,2745839,0.9468872719777087,2018.9166666666667
2018,12,Dec 2018,29,Asian,20546745,0.14114157741287003,2018.9166666666667
2018,12,Dec 2018,842,Black,42934826,1.9611119420863612,2018.9166666666667
2018,12,Dec 2018,237,Hispanic,53495958,0.44302412529933566,2018.9166666666667
2018,12,Dec 2018,455,White,201068278,0.22629128996668485,2018.9166666666667
2019,1,Jan 2019,38,Indian,2765443,1.3741017261972133,2019
2019,1,Jan 2019,21,Asian,20760566,0.10115331152339488,2019
2019,1,Jan 2019,804,Black,43235803,1.8595699494698872,2019
2019,1,Jan 2019,230,Hispanic,54134729,0.4248658933898053,2019
2019,1,Jan 2019,531,White,200905474,0.2643034007127153,2019
2019,2,Feb 2019,16,Indian,2765443,0.5785691478725109,2019.0833333333333
2019,2,Feb 2019,39,Asian,20760566,0.18785614997201908,2019.0833333333333
2019,2,Feb 2019,683,Black,43235803,1.5797092978705636,2019.0833333333333
2019,2,Feb 2019,224,Hispanic,54134729,0.4137824353013756,2019.0833333333333
2019,2,Feb 2019,420,White,200905474,0.20905353728689344,2019.0833333333333
2019,3,Mar 2019,28,Indian,2765443,1.012496008776894,2019.1666666666667
2019,3,Mar 2019,28,Asian,20760566,0.13487108203119316,2019.1666666666667
2019,3,Mar 2019,756,Black,43235803,1.7485508480089986,2019.1666666666667
2019,3,Mar 2019,241,Hispanic,54134729,0.4451855665519264,2019.1666666666667
2019,3,Mar 2019,450,White,200905474,0.2239859328073858,2019.1666666666667
2019,4,Apr 2019,34,Indian,2765443,1.2294594392290856,2019.25
2019,4,Apr 2019,29,Asian,20760566,0.13968790638945008,2019.25
2019,4,Apr 2019,740,Black,43235803,1.711544480855369,2019.25
2019,4,Apr 2019,223,Hispanic,54134729,0.4119351922866373,2019.25
2019,4,Apr 2019,445,White,200905474,0.2214972002206371,2019.25
2019,5,May 2019,16,Indian,2765443,0.5785691478725109,2019.3333333333333
2019,5,May 2019,32,Asian,20760566,0.15413837946422076,2019.3333333333333
2019,5,May 2019,929,Black,43235803,2.1486821928576187,2019.3333333333333
2019,5,May 2019,250,Hispanic,54134729,0.4618107536845709,2019.3333333333333
2019,5,May 2019,467,White,200905474,0.2324476236023315,2019.3333333333333
2019,6,Jun 2019,31,Indian,2765443,1.1209777240029897,2019.4166666666667
2019,6,Jun 2019,34,Asian,20760566,0.16377202818073455,2019.4166666666667
2019,6,Jun 2019,923,Black,43235803,2.1348048051750075,2019.4166666666667
2019,6,Jun 2019,248,Hispanic,54134729,0.4581162676550944,2019.4166666666667
2019,6,Jun 2019,459,White,200905474,0.22846565146353356,2019.4166666666667
2019,7,Jul 2019,26,Indian,2765443,0.9401748652928301,2019.5
2019,7,Jul 2019,28,Asian,20760566,0.13487108203119316,2019.5
2019,7,Jul 2019,929,Black,43235803,2.1486821928576187,2019.5
2019,7,Jul 2019,276,Hispanic,54134729,0.5098390720677664,2019.5
2019,7,Jul 2019,490,White,200905474,0.2438957935013757,2019.5
2019,8,Aug 2019,25,Indian,2765443,0.9040142935507981,2019.5833333333333
2019,8,Aug 2019,42,Asian,20760566,0.20230662304678976,2019.5833333333333
2019,8,Aug 2019,910,Black,43235803,2.1047371318626835,2019.5833333333333
2019,8,Aug 2019,279,Hispanic,54134729,0.5153808011119811,2019.5833333333333
2019,8,Aug 2019,408,White,200905474,0.20308057907869648,2019.5833333333333
2019,9,Sep 2019,32,Indian,2765443,1.1571382957450218,2019.6666666666667
2019,9,Sep 2019,30,Asian,20760566,0.14450473074770698,2019.6666666666667
2019,9,Sep 2019,911,Black,43235803,2.107050029809785,2019.6666666666667
2019,9,Sep 2019,237,Hispanic,54134729,0.43779659449297326,2019.6666666666667
2019,9,Sep 2019,475,White,200905474,0.23642959574112946,2019.6666666666667
2019,10,Oct 2019,26,Indian,2765443,0.9401748652928301,2019.75
2019,10,Oct 2019,38,Asian,20760566,0.18303932561376215,2019.75
2019,10,Oct 2019,838,Black,43235803,1.9382084796713503,2019.75
2019,10,Oct 2019,266,Hispanic,54134729,0.4913666419203835,2019.75
2019,10,Oct 2019,467,White,200905474,0.2324476236023315,2019.75
2019,11,Nov 2019,32,Indian,2765443,1.1571382957450218,2019.8333333333333
2019,11,Nov 2019,33,Asian,20760566,0.1589552038224777,2019.8333333333333
2019,11,Nov 2019,864,Black,43235803,1.9983438262959983,2019.8333333333333
2019,11,Nov 2019,260,Hispanic,54134729,0.4802831838319538,2019.8333333333333
2019,11,Nov 2019,465,White,200905474,0.23145213056763203,2019.8333333333333
2019,12,Dec 2019,35,Indian,2765443,1.2656200109711175,2019.9166666666667
2019,12,Dec 2019,37,Asian,20760566,0.17822250125550526,2019.9166666666667
2019,12,Dec 2019,906,Black,43235803,2.095485540074276,2019.9166666666667
2019,12,Dec 2019,295,Hispanic,54134729,0.5449366893477937,2019.9166666666667
2019,12,Dec 2019,486,White,200905474,0.2419048074319767,2019.9166666666667
